date_time_,date_,time_,open_,open_t,high_,low_,close_,volume_,turnover_,ratio
201701031500,20170103,930,117723.61903015137,117723.61903015137,118628.19240549317,117465.16299851076,117594.39101433106,459840.0,420595200.0,113.677001953125
201701041500,20170104,930,117723.61903015137,118240.51972573243,118628.19240549317,117465.16299851076,118369.73637385255,459840.0,420595200.0,113.677001953125
201701051500,20170105,930,118240.51972573243,118498.96438967287,118628.19240549317,118111.29170991213,118369.73637385255,449330.0,411503488.0,113.677001953125
201701061500,20170106,930,118498.96438967287,118498.96438967287,118628.19240549317,118240.51972573243,118498.96438967287,344373.0,315769696.0,113.677001953125
201701091500,20170109,930,118498.96438967287,117982.0636940918,118498.96438967287,117723.61903015137,117982.0636940918,358154.0,327176384.0,113.677001953125
201701101500,20170110,930,117982.0636940918,118240.51972573243,118498.96438967287,117723.61903015137,118240.51972573243,361082.0,329994592.0,113.677001953125
201701111500,20170111,930,118240.51972573243,118111.29170991213,118369.73637385255,118111.29170991213,118240.51972573243,241054.0,220575104.0,113.677001953125
201701121500,20170112,930,118111.29170991213,117982.0636940918,118498.96438967287,117982.0636940918,118111.29170991213,303431.0,277553216.0,113.677001953125
201701131500,20170113,930,117982.0636940918,118111.29170991213,118498.96438967287,117982.0636940918,118240.51972573243,428007.0,391869408.0,113.677001953125
201701161500,20170116,930,118111.29170991213,118240.51972573243,118757.40905361329,117852.8356782715,118369.73637385255,434301.0,397601888.0,113.677001953125
201701171500,20170117,930,118240.51972573243,117852.8356782715,118369.73637385255,117206.71833457032,118111.29170991213,683166.0,623025792.0,113.677001953125
201701181500,20170118,930,117852.8356782715,118111.29170991213,118369.73637385255,117594.39101433106,118240.51972573243,545552.0,498179712.0,113.677001953125
201701191500,20170119,930,118111.29170991213,118240.51972573243,118757.40905361329,117982.0636940918,118498.96438967287,574269.0,526426592.0,113.677001953125
201701201500,20170120,930,118240.51972573243,118498.96438967287,119403.53776501465,118240.51972573243,118628.19240549317,437713.0,402445600.0,113.677001953125
201701231500,20170123,930,118498.96438967287,119145.08173337401,119274.30974919435,118498.96438967287,119145.08173337401,393329.0,361865216.0,113.677001953125
201701241500,20170124,930,119145.08173337401,119274.30974919435,119661.98242895506,118886.63706943361,119145.08173337401,420299.0,388019104.0,113.677001953125
201701251500,20170125,930,119274.30974919435,119791.21044477541,119920.43846059572,118886.63706943361,119791.21044477541,470244.0,434787712.0,113.677001953125
201701261500,20170126,930,119791.21044477541,119791.21044477541,119920.43846059572,119532.76578083498,119661.98242895506,304402.0,281976288.0,113.677001953125
201702031500,20170203,930,119791.21044477541,120695.78382011717,120695.78382011717,119661.98242895506,120566.55580429686,420713.0,391844288.0,113.677001953125
201702061500,20170206,930,120695.78382011717,119661.98242895506,120954.2284840576,119403.53776501465,119661.98242895506,315472.0,292617984.0,113.677001953125
201702071500,20170207,930,119661.98242895506,120308.11114035646,120437.32778847656,119661.98242895506,120308.11114035646,516786.0,480441344.0,113.677001953125
201702081500,20170208,930,120308.11114035646,120049.65510871582,120437.32778847656,119791.21044477541,120178.88312453612,396885.0,368755296.0,113.677001953125
201702091500,20170209,930,120049.65510871582,120178.88312453612,120178.88312453612,119403.53776501465,120178.88312453612,360272.0,333975392.0,113.677001953125
201702101500,20170210,930,120178.88312453612,120437.32778847656,120566.55580429686,119920.43846059572,120308.11114035646,342855.0,319200992.0,113.677001953125
201702131500,20170213,930,120437.32778847656,120695.78382011717,120954.2284840576,120308.11114035646,120566.55580429686,482743.0,450701312.0,113.677001953125
201702141500,20170214,930,120695.78382011717,121600.35719545897,121988.02987521971,120566.55580429686,121600.35719545897,638365.0,599950976.0,113.677001953125
201702151500,20170215,930,121600.35719545897,121471.12917963866,121729.57384357908,121083.45649987792,121471.12917963866,362405.0,340318400.0,113.677001953125
201702161500,20170216,930,121471.12917963866,122117.25789104003,123151.04791450195,121341.90116381834,122117.25789104003,756613.0,716759680.0,113.677001953125
201702171500,20170217,930,122117.25789104003,122246.47453916015,122634.14721892089,121729.57384357908,122246.47453916015,411161.0,388636192.0,113.677001953125
201702201500,20170220,930,122246.47453916015,121471.12917963866,122634.14721892089,121083.45649987792,121341.90116381834,423775.0,400161792.0,113.677001953125
201702211500,20170221,930,121471.12917963866,123409.50394614256,123797.17662590332,121471.12917963866,123538.72059426269,898755.0,855710784.0,113.677001953125
201702221500,20170222,930,123409.50394614256,123667.948610083,124314.06595378417,123280.27593032226,123667.948610083,646584.0,618761088.0,113.677001953125
201702231500,20170223,930,123667.948610083,123409.50394614256,123667.948610083,122763.37523474121,123667.948610083,462966.0,441528384.0,113.677001953125
201702241500,20170224,930,123409.50394614256,122763.37523474121,123667.948610083,122504.93057080077,122892.60325056151,335328.0,319293792.0,113.677001953125
201702271500,20170227,930,122763.37523474121,122763.37523474121,123280.27593032226,122504.93057080077,122763.37523474121,332500.0,316020800.0,113.677001953125
201702281500,20170228,930,122763.37523474121,121858.8018593994,122763.37523474121,121729.57384357908,121858.8018593994,407341.0,384780992.0,113.677001953125
201703011500,20170301,930,121858.8018593994,122634.14721892089,122892.60325056151,121729.57384357908,122504.93057080077,369720.0,350366912.0,113.677001953125
201703021500,20170302,930,122634.14721892089,122892.60325056151,123409.50394614256,122375.70255498045,122634.14721892089,346994.0,330158016.0,113.677001953125
201703031500,20170303,930,122892.60325056151,121600.35719545897,123151.04791450195,121729.57384357908,121858.8018593994,403629.0,382395904.0,113.677001953125
201703061500,20170306,930,121600.35719545897,121471.12917963866,121858.8018593994,120954.2284840576,121471.12917963866,342655.0,321952512.0,113.677001953125
201703071500,20170307,930,121471.12917963866,121988.02987521971,122246.47453916015,121341.90116381834,122117.25789104003,404511.0,381212288.0,113.677001953125
201703081500,20170308,930,121988.02987521971,121858.8018593994,122246.47453916015,121471.12917963866,122117.25789104003,294673.0,277747392.0,113.677001953125
201703091500,20170309,930,121858.8018593994,121600.35719545897,122117.25789104003,121471.12917963866,121729.57384357908,244438.0,230425200.0,113.677001953125
201703101500,20170310,930,121600.35719545897,121212.68451569823,121729.57384357908,120954.2284840576,121212.68451569823,378170.0,354813696.0,113.677001953125
201703131500,20170313,930,121212.68451569823,121341.90116381834,121600.35719545897,120954.2284840576,121471.12917963866,390182.0,366140096.0,113.677001953125
201703141500,20170314,930,121341.90116381834,121858.8018593994,122117.25789104003,121083.45649987792,121988.02987521971,545304.0,513148512.0,113.677001953125
201703151500,20170315,930,121858.8018593994,121729.57384357908,122246.47453916015,121600.35719545897,121988.02987521971,404484.0,381594112.0,113.677001953125
201703161500,20170316,930,121729.57384357908,122504.93057080077,122504.93057080077,121729.57384357908,122504.93057080077,546561.0,515943712.0,113.677001953125
201703171500,20170317,930,122504.93057080077,122117.25789104003,123151.04791450195,122117.25789104003,123021.81989868163,635954.0,603449984.0,113.677001953125
201703201500,20170320,930,122117.25789104003,120049.65510871582,122246.47453916015,120178.88312453612,120308.11114035646,1583647.0,1482737024.0,113.677001953125
201703211500,20170321,930,120049.65510871582,119532.76578083498,120308.11114035646,119145.08173337401,119532.76578083498,715022.0,661886976.0,113.677001953125
201703221500,20170322,930,119532.76578083498,118886.63706943361,119661.98242895506,118886.63706943361,119403.53776501465,554649.0,511914304.0,113.677001953125
201703231500,20170323,930,118886.63706943361,118369.73637385255,119145.08173337401,118240.51972573243,118369.73637385255,566124.0,519331008.0,113.677001953125
201703241500,20170324,930,118369.73637385255,118886.63706943361,119403.53776501465,118369.73637385255,118886.63706943361,433588.0,398986592.0,113.677001953125
201703271500,20170327,930,118886.63706943361,117852.8356782715,119403.53776501465,118369.73637385255,118757.40905361329,710828.0,653533824.0,113.677001953125
201703281500,20170328,930,117852.8356782715,118369.73637385255,118757.40905361329,117465.16299851076,118111.29170991213,985012.0,900094528.0,113.677001953125
201703291500,20170329,930,118369.73637385255,117982.0636940918,118498.96438967287,117594.39101433106,117852.8356782715,481373.0,439405792.0,113.677001953125
201703301500,20170330,930,117982.0636940918,117852.8356782715,118240.51972573243,117465.16299851076,117723.61903015137,601141.0,548060672.0,113.677001953125
201703311500,20170331,930,117852.8356782715,117335.94635039063,117852.8356782715,117077.49031875002,117335.94635039063,687286.0,623995520.0,113.677001953125
201704051500,20170405,930,117335.94635039063,118369.73637385255,118628.19240549317,117335.94635039063,118498.96438967287,633121.0,578579072.0,113.677001953125
201704061500,20170406,930,118369.73637385255,118886.63706943361,119145.08173337401,118240.51972573243,119015.86508525391,499150.0,458567808.0,113.677001953125
201704071500,20170407,930,118886.63706943361,118757.40905361329,119145.08173337401,118498.96438967287,118886.63706943361,434391.0,399119008.0,113.677001953125
201704101500,20170410,930,118757.40905361329,118886.63706943361,119145.08173337401,118498.96438967287,118886.63706943361,514845.0,473366400.0,113.677001953125
201704111500,20170411,930,118886.63706943361,118498.96438967287,119015.86508525391,118498.96438967287,118628.19240549317,401344.0,368681984.0,113.677001953125
201704121500,20170412,930,118498.96438967287,118369.73637385255,118757.40905361329,117465.16299851076,118240.51972573243,612438.0,560304128.0,113.677001953125
201704131500,20170413,930,118369.73637385255,117723.61903015137,118498.96438967287,117594.39101433106,117852.8356782715,455337.0,416101184.0,113.677001953125
201704141500,20170414,930,117723.61903015137,117723.61903015137,118111.29170991213,117594.39101433106,117852.8356782715,357443.0,325949888.0,113.677001953125
201704171500,20170417,930,117723.61903015137,117335.94635039063,117852.8356782715,117077.49031875002,117335.94635039063,490501.0,445637504.0,113.677001953125
201704181500,20170418,930,117335.94635039063,117465.16299851076,117723.61903015137,116948.27367062989,117594.39101433106,531892.0,483130496.0,113.677001953125
201704191500,20170419,930,117465.16299851076,116689.81763898926,117594.39101433106,116948.27367062989,116948.27367062989,335377.0,304162848.0,113.677001953125
201704201500,20170420,930,116689.81763898926,115009.89890412598,116819.04565480958,115009.89890412598,115139.1269199463,799669.0,714963712.0,113.677001953125
201704211500,20170421,930,115009.89890412598,115268.3435680664,115526.79959970702,114880.67088830566,115268.3435680664,437630.0,390063552.0,113.677001953125
201704241500,20170424,930,115268.3435680664,115914.47227946777,116172.9169434082,115009.89890412598,115914.47227946777,325408.0,291126080.0,113.677001953125
201704251500,20170425,930,115914.47227946777,115397.57158388672,116043.70029528809,115009.89890412598,115397.57158388672,394995.0,352926400.0,113.677001953125
201704261500,20170426,930,115397.57158388672,116302.1449592285,116431.37297504884,115397.57158388672,116302.1449592285,377933.0,339230100.0,113.677001953125
201704271500,20170427,930,116302.1449592285,115914.47227946777,116431.37297504884,115785.24426364746,116172.9169434082,382147.0,343316096.0,113.677001953125
201704281500,20170428,930,115914.47227946777,115785.24426364746,116043.70029528809,115139.1269199463,115914.47227946777,387393.0,346186976.0,113.677001953125
201705021500,20170502,930,115785.24426364746,115785.24426364746,116172.9169434082,115268.3435680664,116172.9169434082,286446.0,256106704.0,113.677001953125
201705031500,20170503,930,115785.24426364746,115268.3435680664,115785.24426364746,115009.89890412598,115526.79959970702,311026.0,277665888.0,113.677001953125
201705041500,20170504,930,115268.3435680664,114880.67088830566,115397.57158388672,114880.67088830566,115139.1269199463,280311.0,249660880.0,113.677001953125
201705051500,20170505,930,114880.67088830566,112942.30748950195,114880.67088830566,112683.85145786134,112942.30748950195,696517.0,613783424.0,113.677001953125
201705081500,20170508,930,112942.30748950195,111133.16073881836,113200.75215344239,110874.71607487793,111520.8334185791,623701.0,539541760.0,113.677001953125
201705091500,20170509,930,111133.16073881836,110616.2600432373,111391.6054027588,110487.04339511719,110745.48805905762,460090.0,394424128.0,113.677001953125
201705101500,20170510,930,110616.2600432373,111520.8334185791,111650.06143439941,110487.04339511719,111650.06143439941,324194.0,279119680.0,113.677001953125
201705111500,20170511,930,111520.8334185791,111779.28945021973,113588.42483320313,111520.8334185791,112037.73411416016,573078.0,498675296.0,113.677001953125
201705121500,20170512,930,111779.28945021973,112166.96212998047,112683.85145786134,111133.16073881836,112425.4067939209,503644.0,436444288.0,113.677001953125
201705151500,20170515,930,112166.96212998047,114880.67088830566,115009.89890412598,111779.28945021973,115009.89890412598,917968.0,809131904.0,113.677001953125
201705161500,20170516,930,114880.67088830566,114234.5535446045,115656.02761552735,113846.88086484376,114492.99820854492,536578.0,476417664.0,113.677001953125
201705171500,20170517,930,114234.5535446045,113846.88086484376,114363.7815604248,112942.30748950195,114234.5535446045,524872.0,461069300.0,113.677001953125
201705181500,20170518,930,113846.88086484376,112683.85145786134,113846.88086484376,113071.53550532227,113329.9801692627,417338.0,365987584.0,113.677001953125
201705191500,20170519,930,112683.85145786134,112942.30748950195,113329.9801692627,112683.85145786134,112813.07947368165,227401.0,198765584.0,113.677001953125
201705221500,20170522,930,112942.30748950195,112166.96212998047,113200.75215344239,112166.96212998047,112296.17877810058,294271.0,256396864.0,113.677001953125
201705231500,20170523,930,112166.96212998047,112037.73411416016,112813.07947368165,111262.38875463867,112166.96212998047,679120.0,588546752.0,113.677001953125
201705241500,20170524,930,112037.73411416016,113459.20818508301,114234.5535446045,111779.28945021973,113588.42483320313,800040.0,702123776.0,113.677001953125
201705251500,20170525,930,113459.20818508301,113588.42483320313,114105.32552878419,112166.96212998047,113846.88086484376,532377.0,466560640.0,113.677001953125
201705261500,20170526,930,113588.42483320313,117335.94635039063,117982.0636940918,113459.20818508301,117594.39101433106,1621544.0,1462763008.0,113.677001953125
201705311500,20170531,930,117335.94635039063,117594.39101433106,117982.0636940918,116819.04565480958,117594.39101433106,895366.0,813387200.0,113.677001953125
201706011500,20170601,930,117594.39101433106,118886.63706943361,119274.30974919435,117077.49031875002,118886.63706943361,1033211.0,948741888.0,113.677001953125
201706021500,20170602,930,118886.63706943361,118628.19240549317,119274.30974919435,117852.8356782715,118757.40905361329,566183.0,519544672.0,113.677001953125
201706051500,20170605,930,118628.19240549317,117982.0636940918,120049.65510871582,118111.29170991213,118498.96438967287,770757.0,710119492.0,113.677001953125
201706061500,20170606,930,117982.0636940918,116431.37297504884,118498.96438967287,116172.9169434082,116689.81763898926,634133.0,573460415.0,113.677001953125
201706071500,20170607,930,116431.37297504884,116560.58962316895,117077.49031875002,116172.9169434082,116819.04565480958,355342.0,320520896.0,113.677001953125
201706081500,20170608,930,116560.58962316895,117723.61903015137,118240.51972573243,116431.37297504884,117982.0636940918,645723.0,587357696.0,113.677001953125
201706091500,20170609,930,117723.61903015137,118240.51972573243,118240.51972573243,117335.94635039063,117982.0636940918,383004.0,348860768.0,113.677001953125
201706121500,20170612,930,118240.51972573243,118240.51972573243,119015.86508525391,117852.8356782715,118240.51972573243,685468.0,628281732.0,113.677001953125
201706131500,20170613,930,118240.51972573243,117723.61903015137,118757.40905361329,117594.39101433106,117723.61903015137,504578.0,461493696.0,113.677001953125
201706141500,20170614,930,117723.61903015137,117852.8356782715,118111.29170991213,116948.27367062989,117852.8356782715,448435.0,407876704.0,113.677001953125
201706151500,20170615,930,117852.8356782715,117335.94635039063,117982.0636940918,116819.04565480958,117335.94635039063,375444.0,340596128.0,113.677001953125
201706161500,20170616,930,117335.94635039063,116819.04565480958,117335.94635039063,116689.81763898926,116819.04565480958,337798.0,305610496.0,113.677001953125
201706191500,20170619,930,116819.04565480958,116689.81763898926,117335.94635039063,116431.37297504884,116560.58962316895,285991.0,258559008.0,113.677001953125
201706201500,20170620,930,116689.81763898926,117852.8356782715,118240.51972573243,116689.81763898926,117982.0636940918,489705.0,446000768.0,113.677001953125
201706211500,20170621,930,117852.8356782715,118498.96438967287,118369.73637385255,117465.16299851076,117852.8356782715,313616.0,286053888.0,113.677001953125
201706221500,20170622,930,118498.96438967287,118240.51972573243,118628.19240549317,117723.61903015137,118240.51972573243,496932.0,454488896.0,113.677001953125
201706231500,20170623,930,118240.51972573243,119274.30974919435,121471.12917963866,118111.29170991213,119532.76578083498,1426958.0,1325210621.0,113.677001953125
201706261500,20170626,930,119274.30974919435,119661.98242895506,119791.21044477541,118498.96438967287,119532.76578083498,584004.0,538303552.0,113.677001953125
201706271500,20170627,930,119661.98242895506,120178.88312453612,121341.90116381834,119661.98242895506,120178.88312453612,710770.0,663762816.0,113.677001953125
201706281500,20170628,930,120178.88312453612,120825.01183593752,121341.90116381834,119791.21044477541,120954.2284840576,546016.0,509162016.0,113.677001953125
201706291500,20170629,930,120825.01183593752,121858.8018593994,122634.14721892089,120566.55580429686,121858.8018593994,1168796.0,1102438144.0,113.677001953125
201706301500,20170630,930,121858.8018593994,121471.12917963866,122117.25789104003,121083.45649987792,121858.8018593994,488805.0,459810432.0,113.677001953125
201707031500,20170703,930,121471.12917963866,121471.12917963866,121858.8018593994,120308.11114035646,121341.90116381834,499633.0,468003520.0,113.677001953125
201707041500,20170704,930,121471.12917963866,121471.12917963866,121858.8018593994,120695.78382011717,121471.12917963866,388349.0,364465856.0,113.677001953125
201707051500,20170705,930,121471.12917963866,120049.65510871582,121600.35719545897,120178.88312453612,120695.78382011717,488363.0,456577024.0,113.677001953125
201707061500,20170706,930,120049.65510871582,120954.2284840576,121212.68451569823,119791.21044477541,121083.45649987792,567720.0,529294112.0,113.677001953125
201707071500,20170707,930,120954.2284840576,121083.45649987792,121600.35719545897,120308.11114035646,121471.12917963866,738912.0,691387200.0,113.677001953125
201707101500,20170710,930,121083.45649987792,122117.25789104003,122504.93057080077,120695.78382011717,122375.70255498045,760370.0,717084347.0,113.677001953125
201707111500,20170711,930,122117.25789104003,124184.84930566406,124830.96664936523,121988.02987521971,123926.39327402343,1360816.0,1303090048.0,113.677001953125
201707121500,20170712,930,124184.84930566406,132713.67099580079,135168.93509018555,124184.84930566406,132455.22633186035,3812087.0,3842010112.0,113.677001953125
201707131500,20170713,930,132713.67099580079,133101.34367556154,136719.63717692872,131809.09762045898,133618.2443711426,2998844.0,3113681408.0,113.677001953125
201707141500,20170714,930,133101.34367556154,139691.80196689453,140854.82000617677,132455.22633186035,140854.82000617677,2994534.0,3180144640.0,113.677001953125
201707171500,20170717,930,139691.80196689453,141500.94871757814,141242.49268593753,137753.42720039064,140854.82000617677,1722570.0,1864449152.0,113.677001953125
201707181500,20170718,930,141500.94871757814,138916.45660737305,146153.0322424072,138528.77255991212,139691.80196689453,3273123.0,3608692224.0,113.677001953125
201707191500,20170719,930,138916.45660737305,142017.83804545898,143826.98479614255,137365.75452062988,142793.19477268067,2349432.0,2558434048.0,113.677001953125
201707201500,20170720,930,142017.83804545898,143180.8674524414,144473.11350754392,140596.37534223634,143310.0841005615,1933076.0,2131336320.0,113.677001953125
201707211500,20170721,930,143180.8674524414,144070.15440827943,144860.78618730468,141113.26467011718,141759.39338151857,1537339.0,1695060998.0,115.33809661865234
201707241500,20170724,930,144070.15440827943,143937.12344763946,145533.4719076996,142207.75556074906,144868.32863830947,1501020.0,1625416448.0,115.33809661865234
201707251500,20170725,930,143937.12344763946,146065.58421644973,146863.7584464798,142739.8678694992,145666.50286833954,1692664.0,1846886658.0,115.33809661865234
201707261500,20170726,930,146065.58421644973,145267.42152022934,149923.42440596008,145666.50286833954,146331.64613772964,1954768.0,2172114688.0,115.33809661865234
201707271500,20170727,930,145267.42152022934,142606.83690885926,148726.1688278198,141941.69363946916,142872.89883013917,1697412.0,1846282000.0,115.33809661865234
201707281500,20170728,930,142606.83690885926,141143.5194094391,143271.98017824936,140079.29479193877,140877.46902196883,1194490.0,1273888896.0,115.33809661865234
201707311500,20170731,930,141143.5194094391,143671.0730601692,143804.10402080917,140744.4380613289,142872.89883013917,819195.0,877769287.0,115.33809661865234
201708011500,20170801,930,143671.0730601692,141542.61229135894,143937.12344763946,139015.05864062882,141941.69363946916,1575864.0,1671814000.0,115.33809661865234
201708021500,20170802,930,141542.61229135894,146996.78940711977,147262.85132839964,141276.55037007903,146863.7584464798,2035710.0,2222887936.0,115.33809661865234
201708031500,20170803,930,146996.78940711977,148194.04498526003,150721.59863599014,145799.5338289795,148327.07594589997,2062069.0,2307726592.0,115.33809661865234
201708041500,20170804,930,148194.04498526003,146331.64613772964,149125.25017593004,146065.58421644973,146464.6770983696,984219.0,1090954110.0,115.33809661865234
201708071500,20170807,930,146331.64613772964,147129.8203677597,150189.4747934303,145400.44094705966,148593.13786717987,1353952.0,1511389828.0,115.33809661865234
201708081500,20170808,930,147129.8203677597,146331.64613772964,148593.13786717987,145001.35959894944,146331.64613772964,860644.0,946975678.0,115.33809661865234
201708091500,20170809,930,146331.64613772964,145799.5338289795,147794.96363714983,145134.39055958937,146996.78940711977,689567.0,758872060.0,115.33809661865234
201708101500,20170810,930,145799.5338289795,142340.786521389,146597.70805900957,142074.7246001091,142739.8678694992,1042322.0,1126512132.0,115.33809661865234
201708111500,20170811,930,142340.786521389,139414.1515225487,143937.12344763946,140345.3567132187,141276.55037007903,959880.0,1026675968.0,115.33809661865234
201708141500,20170814,930,139414.1515225487,134758.14863681793,140212.32575257873,132895.7382554779,133294.83113739776,2440643.0,2501779456.0,115.33809661865234
201708151500,20170815,930,134758.14863681793,136221.45460242845,136354.4855630684,133693.91248550796,135955.4042149582,1157665.0,1175479166.0,115.33809661865234
201708161500,20170816,930,136221.45460242845,136886.59787181855,139813.2328706589,135955.4042149582,137152.65979309846,1075162.0,1116749952.0,115.33809661865234
201708171500,20170817,930,136886.59787181855,137684.7721018486,137950.83402312853,135024.1990242882,137551.7526750183,756806.0,778517632.0,115.33809661865234
201708181500,20170818,930,137684.7721018486,137817.80306248856,138615.97729251863,136886.59787181855,138615.97729251863,553642.0,573093952.0,115.33809661865234
201708211500,20170821,930,137817.80306248856,138749.00825315856,140611.40710068896,136886.59787181855,138882.0392137985,616520.0,643188733.0,115.33809661865234
201708221500,20170822,930,138749.00825315856,139414.1515225487,139813.2328706589,138216.89594440843,139148.08960126876,399155.0,417653120.0,115.33809661865234
201708231500,20170823,930,139414.1515225487,141409.581330719,141808.66267882922,137950.83402312853,141675.6432519989,875682.0,922881856.0,115.33809661865234
201708241500,20170824,930,141409.581330719,144868.32863830947,146065.58421644973,140877.46902196883,145001.35959894944,1319152.0,1430051836.0,115.33809661865234
201708251500,20170825,930,144868.32863830947,145533.4719076996,147794.96363714983,144203.1853689194,145400.44094705966,924249.0,1014933636.0,115.33809661865234
201708281500,20170828,930,145533.4719076996,147661.93267650984,148593.13786717987,145001.35959894944,147794.96363714983,963940.0,1068994624.0,115.33809661865234
201708291500,20170829,930,147661.93267650984,150322.5057540703,153515.2026741905,147661.93267650984,150987.64902346037,1603938.0,1828380032.0,115.33809661865234
201708301500,20170830,930,150322.5057540703,155377.60152172088,156042.74479111098,150056.45536660004,155244.57056108094,1357984.0,1569230080.0,115.33809661865234
201708311500,20170831,930,155377.60152172088,151519.7728660202,155643.66344300078,151120.67998410034,152051.88517477034,1096675.0,1264128128.0,115.33809661865234
201709011500,20170901,930,151519.7728660202,150056.45536660004,152184.9161354103,148327.07594589997,150056.45536660004,1151786.0,1297730552.0,115.33809661865234
201709041500,20170904,930,150056.45536660004,148726.1688278198,151519.7728660202,148327.07594589997,149125.25017593004,959977.0,1080996355.0,115.33809661865234
201709051500,20170905,930,148726.1688278198,155377.60152172088,155909.71383047104,148726.1688278198,155909.71383047104,1352326.0,1551875072.0,115.33809661865234
201709061500,20170906,930,155377.60152172088,154180.34594358064,158703.3178686714,154313.37690422058,154845.48921297072,1287519.0,1513759488.0,115.33809661865234
201709071500,20170907,930,154180.34594358064,154978.5201736107,157905.14363864137,152717.02844416047,155643.66344300078,791622.0,925519040.0,115.33809661865234
201709081500,20170908,930,154978.5201736107,152450.96652288054,156175.77575175095,151519.7728660202,152184.9161354103,614187.0,711036416.0,115.33809661865234
201709111500,20170911,930,152450.96652288054,153515.2026741905,154845.48921297072,151386.74190538027,152850.0594048004,481276.0,553644546.0,115.33809661865234
201709121500,20170912,930,153515.2026741905,151386.74190538027,155510.63248236084,150322.5057540703,151386.74190538027,699473.0,801825024.0,115.33809661865234
201709131500,20170913,930,151386.74190538027,152850.0594048004,153515.2026741905,149923.42440596008,153515.2026741905,846183.0,962032192.0,115.33809661865234
201709141500,20170914,930,152850.0594048004,152051.88517477034,153515.2026741905,150854.62959663008,152051.88517477034,668237.0,765028221.0,115.33809661865234
201709151500,20170915,930,152051.88517477034,150189.4747934303,154180.34594358064,149657.36248468017,150588.5676753502,883088.0,1005775612.0,115.33809661865234
201709181500,20170918,930,150189.4747934303,149657.36248468017,150588.5676753502,148327.07594589997,150189.4747934303,646095.0,726061119.0,115.33809661865234
201709191500,20170919,930,149657.36248468017,149657.36248468017,150588.5676753502,148992.21921529007,149657.36248468017,607613.0,684223035.0,115.33809661865234
201709201500,20170920,930,149657.36248468017,148194.04498526003,150721.59863599014,147395.87075522993,148061.0255584297,764213.0,853816000.0,115.33809661865234
201709211500,20170921,930,148194.04498526003,149790.39344532014,151253.71094474028,147129.8203677597,150189.4747934303,787155.0,884640955.0,115.33809661865234
201709221500,20170922,930,149790.39344532014,152051.88517477034,152983.09036544038,148992.21921529007,152450.96652288054,692408.0,788605304.0,115.33809661865234
201709251500,20170925,930,152051.88517477034,152184.9161354103,153116.10979227067,150455.53671471024,152184.9161354103,593928.0,677622528.0,115.33809661865234
201709261500,20170926,930,152184.9161354103,149790.39344532014,152317.9355622406,148859.1882546501,150189.4747934303,532391.0,602270336.0,115.33809661865234
201709271500,20170927,930,149790.39344532014,146464.6770983696,150322.5057540703,145932.56478961944,146996.78940711977,967461.0,1074228224.0,115.33809661865234
201709281500,20170928,930,146464.6770983696,146065.58421644973,147395.87075522993,145001.35959894944,145400.44094705966,727188.0,798377275.0,115.33809661865234
201709291500,20170929,930,146065.58421644973,145267.42152022934,146065.58421644973,143937.12344763946,144735.29767766953,517220.0,563485120.0,115.33809661865234
201710091500,20171009,930,145267.42152022934,153914.28402230074,148460.1069065399,144602.2667170296,147794.96363714983,682280.0,753852542.0,115.33809661865234
201710101500,20171010,930,153914.28402230074,150721.59863599014,154579.4272916908,149790.39344532014,150322.5057540703,1325227.0,1520609536.0,115.33809661865234
201710111500,20171011,930,150721.59863599014,152717.02844416047,152850.0594048004,150721.59863599014,152583.9974835205,747925.0,853665858.0,115.33809661865234
201710121500,20171012,930,152717.02844416047,153515.2026741905,154047.31498294068,150987.64902346037,153382.17171355058,658078.0,756203390.0,115.33809661865234
201710131500,20171013,930,153515.2026741905,153781.25306166074,154047.31498294068,152583.9974835205,153648.23363483048,578065.0,667148408.0,115.33809661865234
201710161500,20171016,930,153781.25306166074,151120.67998410034,153781.25306166074,149923.42440596008,151120.67998410034,737376.0,839662720.0,115.33809661865234
201710171500,20171017,930,151120.67998410034,154579.4272916908,154313.37690422058,150189.4747934303,154180.34594358064,1036251.0,1190724224.0,115.33809661865234
201710181500,20171018,930,154579.4272916908,153382.17171355058,154845.48921297072,152717.02844416047,153116.10979227067,506372.0,585334012.0,115.33809661865234
201710191500,20171019,930,153382.17171355058,154845.48921297072,155510.63248236084,153116.10979227067,155510.63248236084,871365.0,1011050944.0,115.33809661865234
201710201500,20171020,930,154845.48921297072,154180.34594358064,155909.71383047104,153914.28402230074,154712.45825233078,722765.0,841546817.0,115.33809661865234
201710231500,20171023,930,154180.34594358064,151519.7728660202,154180.34594358064,151785.82325349047,152717.02844416047,461808.0,529747040.0,115.33809661865234
201710241500,20171024,930,151519.7728660202,148992.21921529007,151652.7922928505,148327.07594589997,148859.1882546501,1074465.0,1206888312.0,115.33809661865234
201710251500,20171025,930,148992.21921529007,151120.67998410034,151918.8542141304,148726.1688278198,151519.7728660202,618872.0,700896897.0,115.33809661865234
201710261500,20171026,930,151120.67998410034,149657.36248468017,151253.71094474028,149657.36248468017,149923.42440596008,418574.0,472708192.0,115.33809661865234
201710271500,20171027,930,149657.36248468017,148859.1882546501,150588.5676753502,147927.99459778977,148726.1688278198,928996.0,1041707004.0,115.33809661865234
201710301500,20171030,930,148859.1882546501,153648.23363483048,153781.25306166074,148726.1688278198,153781.25306166074,1360086.0,1548543744.0,115.33809661865234
201710311500,20171031,930,153648.23363483048,153648.23363483048,156042.74479111098,152450.96652288054,153781.25306166074,1278247.0,1484495492.0,115.33809661865234
201711011500,20171101,930,153648.23363483048,153781.25306166074,154047.31498294068,151519.7728660202,153515.2026741905,627491.0,721237502.0,115.33809661865234
201711021500,20171102,930,153781.25306166074,151120.67998410034,154180.34594358064,150588.5676753502,151652.7922928505,692618.0,792881026.0,115.33809661865234
201711031500,20171103,930,151120.67998410034,152850.0594048004,153781.25306166074,149790.39344532014,153515.2026741905,604308.0,689229884.0,115.33809661865234
201711061500,20171106,930,152850.0594048004,151918.8542141304,154978.5201736107,150987.64902346037,151519.7728660202,743343.0,852032122.0,115.33809661865234
201711071500,20171107,930,151918.8542141304,149923.42440596008,151918.8542141304,147528.9017158699,150056.45536660004,1029903.0,1157303935.0,115.33809661865234
201711081500,20171108,930,149923.42440596008,159634.52305934142,160698.74767684174,149657.36248468017,158570.29844184115,2477163.0,2914269184.0,115.33809661865234
201711091500,20171109,930,159634.52305934142,162295.09613690185,167483.22286519242,158836.34882931138,161363.90248004152,4262826.0,5199224320.0,115.33809661865234
201711101500,20171110,930,162295.09613690185,164556.58786635206,167084.12998327255,161629.95286751175,164024.47555760192,2295289.0,2839861760.0,115.33809661865234
201711131500,20171113,930,164556.58786635206,164290.52594507218,166951.11055644226,161629.95286751175,163625.38267568208,1757552.0,2167126531.0,115.33809661865234
201711141500,20171114,930,164290.52594507218,172272.25671156312,174134.65555909346,164290.52594507218,171607.113442173,2566906.0,3307955205.0,115.33809661865234
201711151500,20171115,930,172272.25671156312,171607.113442173,176263.11632790376,170542.87729086302,172272.25671156312,1780302.0,2318092544.0,115.33809661865234
201711161500,20171116,930,171607.113442173,171607.113442173,174533.74844101333,169877.73402147295,171607.113442173,1263052.0,1627912708.0,115.33809661865234
201711171500,20171117,930,171607.113442173,175198.89171040343,174533.74844101333,168547.44748269272,174267.68651973343,1200815.0,1550701824.0,115.33809661865234
201711201500,20171120,930,175198.89171040343,174666.7794016533,179056.72036610413,173602.54325034333,175331.92267104337,2064150.0,2731215864.0,115.33809661865234
201711211500,20171121,930,174666.7794016533,187171.482093235,189565.99324951554,173735.57421098326,189565.99324951554,2843926.0,3860145408.0,115.33809661865234
201711221500,20171122,930,187171.482093235,192625.6592089958,196749.54978597641,186772.38921131517,192226.56632707597,2495328.0,3609849088.0,115.33809661865234
201711231500,20171123,930,192625.6592089958,201538.58363234712,202735.83921048738,192625.6592089958,200873.440362957,2570231.0,3839501056.0,115.33809661865234
201711241500,20171124,930,201538.58363234712,190098.10555826567,202602.8197836571,187304.5015200653,190896.27978829574,2429142.0,3562843392.0,115.33809661865234
201711271500,20171127,930,190098.10555826567,190231.13651890564,194088.97670841598,183446.67286436463,193689.8838264961,2630190.0,3732597248.0,115.33809661865234
201711281500,20171128,930,190231.13651890564,184244.8470943947,190231.13651890564,183047.59151625444,185309.07171189497,2064085.0,2878491906.0,115.33809661865234
201711291500,20171129,930,184244.8470943947,182648.49863433457,184244.8470943947,178258.5461360741,182249.41728622437,1766433.0,2396540160.0,115.33809661865234
201711301500,20171130,930,182648.49863433457,182249.41728622437,185309.07171189497,179322.78228738403,183845.75421247483,1564095.0,2148312576.0,115.33809661865234
201712011500,20171201,930,182249.41728622437,178258.5461360741,182648.49863433457,176529.17824918363,177992.49574860383,1379636.0,1866700928.0,115.33809661865234
201712041500,20171204,930,178258.5461360741,173602.54325034333,178790.66997863387,172538.318632843,172937.3999809532,1784933.0,2354299648.0,115.33809661865234
201712051500,20171205,930,173602.54325034333,174932.82978912353,177726.4338273239,172937.3999809532,176928.25959729386,1454023.0,1923315712.0,115.33809661865234
201712061500,20171206,930,174932.82978912353,176396.1472885437,179455.813248024,174400.7174803734,176928.25959729386,1723681.0,2301867520.0,115.33809661865234
201712071500,20171207,930,176396.1472885437,173602.54325034333,176396.1472885437,170276.8269033928,174001.62459845352,1619845.0,2104168576.0,115.33809661865234
201712081500,20171208,930,173602.54325034333,171474.08248153306,174799.7988284836,169611.6836340027,170675.908251503,1181958.0,1526953344.0,115.33809661865234
201712111500,20171211,930,171474.08248153306,174001.62459845352,174134.65555909346,169611.6836340027,174134.65555909346,1351315.0,1751423104.0,115.33809661865234
201712121500,20171212,930,174001.62459845352,178258.5461360741,180253.98747805404,171341.0515208931,179588.84420866394,2261953.0,2980735488.0,115.33809661865234
201712131500,20171213,930,178258.5461360741,172937.3999809532,179322.78228738403,173203.46190223313,173203.46190223313,1743406.0,2302355000.0,115.33809661865234
201712141500,20171214,930,172937.3999809532,174932.82978912353,175597.97305851363,171341.0515208931,174666.7794016533,1289248.0,1679022080.0,115.33809661865234
201712151500,20171215,930,174932.82978912353,171607.113442173,177061.29055793383,171740.14440281293,172937.3999809532,1001998.0,1311131904.0,115.33809661865234
201712181500,20171218,930,171607.113442173,169345.62171272276,171873.17536345293,168680.4784433327,169212.59075208282,1099953.0,1405372034.0,115.33809661865234
201712191500,20171219,930,169345.62171272276,170143.79594275283,171607.113442173,168148.3661345825,169611.6836340027,805465.0,1029422715.0,115.33809661865234
201712201500,20171220,930,170143.79594275283,175597.97305851363,177194.32151857376,169478.65267336273,176662.2092098236,2397943.0,3138687488.0,115.33809661865234
201712211500,20171221,930,175597.97305851363,175331.92267104337,177061.29055793383,174666.7794016533,176396.1472885437,1106245.0,1463802119.0,115.33809661865234
201712221500,20171222,930,175331.92267104337,179588.84420866394,181983.35536494447,175198.89171040343,180120.95651741407,1485203.0,2005617659.0,115.33809661865234
201712251500,20171225,930,179588.84420866394,179854.8945961342,181318.21209555434,178923.68940546416,179854.8945961342,742901.0,1004525754.0,115.33809661865234
201712261500,20171226,930,179854.8945961342,176396.1472885437,184244.8470943947,175065.8607497635,176263.11632790376,1585567.0,2145040640.0,115.33809661865234
201712271500,20171227,930,176396.1472885437,180653.06882616426,181983.35536494447,175597.97305851363,181717.29344366453,1123688.0,1510826240.0,115.33809661865234
201712281500,20171228,930,180653.06882616426,176662.2092098236,183180.61094308473,175464.9420978737,176795.2286366539,1366567.0,1848164992.0,115.33809661865234
201712291500,20171229,930,176662.2092098236,175731.0040191536,179056.72036610413,173203.46190223313,175731.0040191536,1553030.0,2052944508.0,115.33809661865234
201801021500,20180102,930,175731.0040191536,177593.40286668396,178657.63901799393,174533.74844101333,176928.25959729386,982916.0,1303222016.0,115.33809661865234
201801031500,20180103,930,177593.40286668396,182648.49863433457,185309.07171189497,177194.32151857376,182249.41728622437,2081593.0,2856543744.0,115.33809661865234
201801041500,20180104,930,182648.49863433457,177194.32151857376,184244.8470943947,175731.0040191536,177327.3524792137,2962498.0,4006220800.0,115.33809661865234
201801051500,20180105,930,177194.32151857376,175731.0040191536,177859.46478796387,174799.7988284836,176263.11632790376,1854509.0,2454543616.0,115.33809661865234
201801081500,20180108,930,175731.0040191536,176263.11632790376,177460.38343985367,174932.82978912353,176928.25959729386,1210313.0,1603289472.0,115.33809661865234
201801091500,20180109,930,176263.11632790376,172405.28767220306,176396.1472885437,171075.00113342286,172405.28767220306,2158621.0,2806099200.0,115.33809661865234
201801101500,20180110,930,172405.28767220306,173469.5122897034,175464.9420978737,171873.17536345293,174001.62459845352,1344345.0,1754315782.0,115.33809661865234
201801111500,20180111,930,173469.5122897034,178391.57709671403,179455.813248024,171873.17536345293,179189.75132674407,2403277.0,3196055808.0,115.33809661865234
201801121500,20180112,930,178391.57709671403,178923.68940546416,180786.0997868042,176529.17824918363,178258.5461360741,1443878.0,1937494269.0,115.33809661865234
201801151500,20180115,930,178923.68940546416,179721.86363549423,181850.32440430453,178391.57709671403,180253.98747805404,1353991.0,1833435649.0,115.33809661865234
201801161500,20180116,930,179721.86363549423,188501.7686320152,190630.2294008255,179721.86363549423,188900.8499801254,3122394.0,4376707072.0,115.33809661865234
201801171500,20180117,930,188501.7686320152,190630.2294008255,191162.34170957564,186506.3388238449,188900.8499801254,2444549.0,3479177216.0,115.33809661865234
201801181500,20180118,930,190630.2294008255,191561.42305768587,196483.4878646965,188900.8499801254,189299.94286204528,2656294.0,3849312768.0,115.33809661865234
201801191500,20180119,930,191561.42305768587,196882.58074661635,195818.3445953064,190098.10555826567,195818.3445953064,2148027.0,3120455680.0,115.33809661865234
201801221500,20180122,930,196882.58074661635,194222.00766905595,201006.47132359695,195419.2632471962,196882.58074661635,2571147.0,3832857344.0,115.33809661865234
201801231500,20180123,930,194222.00766905595,191029.3107489357,198611.94863350678,191960.5159396057,192093.54690024565,2073867.0,3032798976.0,115.33809661865234
201801241500,20180124,930,191029.3107489357,195020.17036527634,198079.83632475662,190896.27978829574,194887.15093844602,2388792.0,3492462074.0,115.33809661865234
201801251500,20180125,930,195020.17036527634,192226.56632707597,200607.3784416771,192891.72113027572,194754.11997780608,2591292.0,3838734848.0,115.33809661865234
201801261500,20180126,930,192226.56632707597,188634.79959265518,192492.62824835585,186240.276902565,188900.8499801254,2369985.0,3360822272.0,115.33809661865234
201801291500,20180129,930,188634.79959265518,186905.4201719551,190630.2294008255,186772.38921131517,186905.4201719551,2032989.0,2885104640.0,115.33809661865234
201801301500,20180130,930,186905.4201719551,182249.41728622437,189299.94286204528,181052.15017427446,182781.5295949745,2090547.0,2911452160.0,115.33809661865234
201801311500,20180131,930,182249.41728622437,180919.13074744414,184111.81613375474,180253.98747805404,181584.27401683427,1094740.0,1497708928.0,115.33809661865234
201802011500,20180201,930,180919.13074744414,185575.1336331749,186905.4201719551,180120.95651741407,186905.4201719551,1747729.0,2423104768.0,115.33809661865234
201802021500,20180202,930,185575.1336331749,185043.02132442474,190231.13651890564,184111.81613375474,186639.3582506752,2005615.0,2821583614.0,115.33809661865234
201802051500,20180205,930,185043.02132442474,183579.70382500457,187570.5634413452,181318.21209555434,186905.4201719551,1176513.0,1637619584.0,115.33809661865234
201802061500,20180206,930,183579.70382500457,189299.94286204528,193822.91478713608,183313.64190372467,193556.86439966582,2331998.0,3326355200.0,115.33809661865234
201802071500,20180207,930,189299.94286204528,189166.91190140534,190630.2294008255,185309.07171189497,186240.276902565,2582872.0,3641294588.0,115.33809661865234
201802081500,20180208,930,189166.91190140534,170675.908251503,190231.13651890564,169877.73402147295,171873.17536345293,3345717.0,4521586688.0,115.33809661865234
201802091500,20180209,930,170675.908251503,160698.74767684174,171873.17536345293,166685.04863516235,166818.0795958023,2137815.0,2711464960.0,115.33809661865234
201802121500,20180212,930,160698.74767684174,156707.8880605011,160698.74767684174,151652.7922928505,155510.63248236084,2824950.0,3308553472.0,115.33809661865234
201802131500,20180213,930,156707.8880605011,157905.14363864137,157506.06229053118,153781.25306166074,155909.71383047104,1228782.0,1439644284.0,115.33809661865234
201802141500,20180214,930,157905.14363864137,159102.41075059128,162428.12709754182,157506.06229053118,158836.34882931138,1298179.0,1562419968.0,115.33809661865234
201802221500,20180222,930,159102.41075059128,162960.23940629195,159900.58498062135,156574.85709986114,159634.52305934142,864190.0,1030474432.0,115.33809661865234
201802231500,20180223,930,162960.23940629195,167350.19190455246,166685.04863516235,162960.23940629195,165753.84344449232,1268406.0,1573562629.0,115.33809661865234
201802261500,20180226,930,167350.19190455246,169877.73402147295,170143.79594275283,165620.81248385238,167749.27325266265,1013663.0,1278185732.0,115.33809661865234
201802271500,20180227,930,169877.73402147295,168148.3661345825,170675.908251503,165620.81248385238,168015.33517394256,1045759.0,1318961000.0,115.33809661865234
201802281500,20180228,930,168148.3661345825,160964.80959812162,168281.3970952225,162162.06517626188,163359.33228821182,1285869.0,1590018560.0,115.33809661865234
201803011500,20180301,930,160964.80959812162,158570.29844184115,162162.06517626188,158836.34882931138,160299.66632873155,1214146.0,1463313659.0,115.33809661865234
201803021500,20180302,930,158570.29844184115,158570.29844184115,161629.95286751175,158437.26748120115,160166.63536809158,886957.0,1069354491.0,115.33809661865234
201803051500,20180305,930,158570.29844184115,158703.3178686714,160166.63536809158,157772.12421181108,158969.37978995132,663124.0,791736448.0,115.33809661865234
201803061500,20180306,930,158703.3178686714,158969.37978995132,160698.74767684174,157106.98094242095,157772.12421181108,754183.0,897244293.0,115.33809661865234
201803071500,20180307,930,158969.37978995132,161629.95286751175,160964.80959812162,156574.85709986114,160964.80959812162,1150162.0,1373438336.0,115.33809661865234
201803081500,20180308,930,161629.95286751175,160299.66632873155,164024.47555760192,160166.63536809158,160299.66632873155,1427570.0,1744085248.0,115.33809661865234
201803091500,20180309,930,160299.66632873155,161629.95286751175,161629.95286751175,158969.37978995132,161097.8405587616,689755.0,832153726.0,115.33809661865234
201803121500,20180312,930,161629.95286751175,161629.95286751175,162295.09613690185,159501.49209870148,160831.77863748168,943877.0,1139043576.0,115.33809661865234
201803131500,20180313,930,161629.95286751175,160166.63536809158,161896.01478879165,158969.37978995132,160033.60440745164,1268701.0,1526643460.0,115.33809661865234
201803141500,20180314,930,160166.63536809158,159368.4611380615,162561.15805818175,159767.55401998138,159900.58498062135,1082267.0,1309543424.0,115.33809661865234
201803151500,20180315,930,159368.4611380615,156840.91902114105,159501.49209870148,157506.06229053118,158570.29844184115,635594.0,757090748.0,115.33809661865234
201803161500,20180316,930,156840.91902114105,155909.71383047104,157639.0932511711,155244.57056108094,155776.69440364075,1155695.0,1356878596.0,115.33809661865234
201803191500,20180319,930,155909.71383047104,155111.53960044097,157506.06229053118,154845.48921297072,154845.48921297072,962983.0,1130784128.0,115.33809661865234
201803201500,20180320,930,155111.53960044097,156175.77575175095,157506.06229053118,154446.39633105087,157373.03132989118,808539.0,947664762.0,115.33809661865234
201803211500,20180321,930,156175.77575175095,158969.37978995132,158038.1745992813,155909.71383047104,157240.00036925124,776150.0,916858496.0,115.33809661865234
201803221500,20180322,930,158969.37978995132,158304.23652056122,161230.87151940155,157772.12421181108,158304.23652056122,1445110.0,1736437376.0,115.33809661865234
201803231500,20180323,930,158304.23652056122,149657.36248468017,159235.44171123122,154712.45825233078,155111.53960044097,984278.0,1155741056.0,115.33809661865234
201803261500,20180326,930,149657.36248468017,148327.07594589997,150987.64902346037,145267.42152022934,150854.62959663008,1825691.0,2037734400.0,115.33809661865234
201803271500,20180327,930,148327.07594589997,147661.93267650984,148859.1882546501,144469.24729019927,145400.44094705966,1383599.0,1519435008.0,115.33809661865234
201803281500,20180328,930,147661.93267650984,144336.21632955933,148593.13786717987,144469.24729019927,145533.4719076996,1103934.0,1213989888.0,115.33809661865234
201803291500,20180329,930,144336.21632955933,145267.42152022934,148061.0255584297,143671.0730601692,144868.32863830947,1099023.0,1201023488.0,115.33809661865234
201803301500,20180330,930,145267.42152022934,146863.7584464798,148593.13786717987,140345.3567132187,146996.78940711977,1330602.0,1445281792.0,115.33809661865234
201804021500,20180402,930,146863.7584464798,144602.2667170296,146863.7584464798,144735.29767766953,145001.35959894944,752174.0,823438206.0,115.33809661865234
201804031500,20180403,930,144602.2667170296,141010.4999826088,146198.6151770897,142340.786521389,142473.81748202894,1109316.0,1200912000.0,115.33809661865234
201804041500,20180404,930,141010.4999826088,142074.7246001091,141941.69363946916,139813.2328706589,140478.376140049,890746.0,942237824.0,115.33809661865234
201804091500,20180409,930,142074.7246001091,143671.0730601692,146464.6770983696,141010.4999826088,144602.2667170296,1602489.0,1737258872.0,115.33809661865234
201804101500,20180410,930,143671.0730601692,146597.70805900957,147661.93267650984,142739.8678694992,146597.70805900957,1074796.0,1180084000.0,115.33809661865234
201804111500,20180411,930,146597.70805900957,151519.7728660202,152317.9355622406,145932.56478961944,151918.8542141304,1390951.0,1562265088.0,115.33809661865234
201804121500,20180412,930,151519.7728660202,156973.949981781,158437.26748120115,151519.7728660202,157373.03132989118,2095970.0,2458982144.0,115.33809661865234
201804131500,20180413,930,156973.949981781,154845.48921297072,157373.03132989118,152317.9355622406,153249.1407529106,1173128.0,1364675840.0,115.33809661865234
201804161500,20180416,930,154845.48921297072,152583.9974835205,156840.91902114105,152317.9355622406,153914.28402230074,1300256.0,1516156032.0,115.33809661865234
201804171500,20180417,930,152583.9974835205,147927.99459778977,152583.9974835205,146863.7584464798,147661.93267650984,1427073.0,1593706112.0,115.33809661865234
201804181500,20180418,930,147927.99459778977,152317.9355622406,152051.88517477034,147794.96363714983,149125.25017593004,1301892.0,1468159360.0,115.33809661865234
201804191500,20180419,930,152317.9355622406,153249.1407529106,154313.37690422058,150056.45536660004,152983.09036544038,1475845.0,1692722951.0,115.33809661865234
201804201500,20180420,930,153249.1407529106,153116.10979227067,155510.63248236084,152051.88517477034,152583.9974835205,849132.0,979593607.0,115.33809661865234
201804231500,20180423,930,153116.10979227067,150322.5057540703,154047.31498294068,148992.21921529007,150987.64902346037,958691.0,1090801281.0,115.33809661865234
201804241500,20180424,930,150322.5057540703,154712.45825233078,154313.37690422058,150056.45536660004,153914.28402230074,1070289.0,1228544006.0,115.33809661865234
201804251500,20180425,930,154712.45825233078,156441.83767303085,158836.34882931138,154047.31498294068,157772.12421181108,1461099.0,1725152256.0,115.33809661865234
201804261500,20180426,930,156441.83767303085,155111.53960044097,157106.98094242095,154712.45825233078,155377.60152172088,730286.0,854713218.0,115.33809661865234
201804271500,20180427,930,155111.53960044097,152850.0594048004,155510.63248236084,150455.53671471024,151918.8542141304,874236.0,1002483137.0,115.33809661865234
201805021500,20180502,930,152850.0594048004,145932.56478961944,153116.10979227067,141675.6432519989,144336.21632955933,2709796.0,2958464256.0,115.33809661865234
201805031500,20180503,930,145932.56478961944,144469.24729019927,146597.70805900957,143804.10402080917,144735.29767766953,1190523.0,1295804416.0,115.33809661865234
201805041500,20180504,930,144469.24729019927,142739.8678694992,144469.24729019927,140611.40710068896,143005.92979077913,1281356.0,1372765822.0,115.33809661865234
201805071500,20180507,930,142739.8678694992,142340.786521389,144070.15440827943,141808.66267882922,142074.7246001091,710510.0,761302457.0,115.33809661865234
201805081500,20180508,930,142340.786521389,144070.15440827943,143937.12344763946,141542.61229135894,143804.10402080917,974310.0,1046743104.0,115.33809661865234
201805091500,20180509,930,144070.15440827943,146065.58421644973,148327.07594589997,143671.0730601692,146464.6770983696,1373306.0,1511546622.0,115.33809661865234
201805101500,20180510,930,146065.58421644973,146730.72748583986,146597.70805900957,144735.29767766953,145932.56478961944,627656.0,687036856.0,115.33809661865234
201805111500,20180511,930,146730.72748583986,146863.7584464798,147528.9017158699,145134.39055958937,146464.6770983696,552736.0,607350014.0,115.33809661865234
201805141500,20180514,930,146863.7584464798,147528.9017158699,148061.0255584297,145799.5338289795,146464.6770983696,772370.0,853271168.0,115.33809661865234
201805151500,20180515,930,147528.9017158699,148726.1688278198,149391.31209720994,146730.72748583986,148726.1688278198,1039297.0,1158064259.0,115.33809661865234
201805161500,20180516,930,148726.1688278198,147262.85132839964,148726.1688278198,146597.70805900957,147927.99459778977,669261.0,742590456.0,115.33809661865234
201805171500,20180517,930,147262.85132839964,145134.39055958937,147262.85132839964,144868.32863830947,145001.35959894944,714362.0,782694648.0,115.33809661865234
201805181500,20180518,930,145134.39055958937,143804.10402080917,145533.4719076996,143405.01113888933,143937.12344763946,586494.0,635675457.0,115.33809661865234
201805211500,20180521,930,143804.10402080917,147262.85132839964,145932.56478961944,143138.96075141907,145799.5338289795,578385.0,628250180.0,115.33809661865234
201805221500,20180522,930,147262.85132839964,145666.50286833954,147794.96363714983,145400.44094705966,145666.50286833954,763534.0,838750597.0,115.33809661865234
201805231500,20180523,930,145666.50286833954,143937.12344763946,145932.56478961944,143538.04209952927,144469.24729019927,589872.0,639815228.0,115.33809661865234
201805241500,20180524,930,143937.12344763946,141808.66267882922,143937.12344763946,141276.55037007903,141675.6432519989,991016.0,1058587772.0,115.33809661865234
201805251500,20180525,930,141808.66267882922,141143.5194094391,142074.7246001091,140744.4380613289,141143.5194094391,688152.0,730678784.0,115.33809661865234
201805281500,20180528,930,141143.5194094391,140744.4380613289,141941.69363946916,140345.3567132187,140877.46902196883,593336.0,629735416.0,115.33809661865234
201805291500,20180529,930,140744.4380613289,140744.4380613289,141808.66267882922,139813.2328706589,140877.46902196883,569401.0,602590720.0,115.33809661865234
201805301500,20180530,930,140744.4380613289,136886.59787181855,141409.581330719,137684.7721018486,138083.86498376846,889495.0,930386951.0,115.33809661865234
201805311500,20180531,930,136886.59787181855,134492.08671553803,136886.59787181855,133693.91248550796,134092.99383361815,1124447.0,1139918720.0,115.33809661865234
201806011500,20180601,930,134492.08671553803,135024.1990242882,135556.31133303832,133427.85056422808,135423.29190620806,987360.0,999216315.0,115.33809661865234
201806041500,20180604,930,135024.1990242882,136088.43517559813,136886.59787181855,133959.97440678786,135556.31133303832,597211.0,608398847.0,115.33809661865234
201806051500,20180605,930,136088.43517559813,136886.59787181855,137019.62883245852,135024.1990242882,136620.5474843483,593038.0,608291975.0,115.33809661865234
201806061500,20180606,930,136886.59787181855,136354.4855630684,137019.62883245852,134492.08671553803,136487.51652370833,656541.0,670740286.0,115.33809661865234
201806071500,20180607,930,136354.4855630684,135689.3422936783,136354.4855630684,134359.0557548981,134891.16806364822,712743.0,724032772.0,115.33809661865234
201806081500,20180608,930,135689.3422936783,137418.72171437836,139015.05864062882,135556.31133303832,137950.83402312853,1262638.0,1306425467.0,115.33809661865234
201806111500,20180611,930,137418.72171437836,133826.94344614792,137418.72171437836,133826.94344614792,134625.117676178,1099380.0,1114968824.0,115.33809661865234
201806121500,20180612,930,133826.94344614792,133427.85056422808,134758.14863681793,133028.76921611786,133560.88152486802,721375.0,724687992.0,115.33809661865234
201806131500,20180613,930,133427.85056422808,133560.88152486802,134092.99383361815,132363.62594672776,133826.94344614792,913301.0,914001667.0,115.33809661865234
201806141500,20180614,930,133560.88152486802,132363.62594672776,133826.94344614792,132363.62594672776,132363.62594672776,530584.0,530483744.0,115.33809661865234
201806151500,20180615,930,132363.62594672776,134092.99383361815,135024.1990242882,132097.56402544785,133959.97440678786,866392.0,872487616.0,115.33809661865234
201806191500,20180619,930,134092.99383361815,133693.91248550796,136886.59787181855,133826.94344614792,135290.26094556806,1248708.0,1273412984.0,115.33809661865234
201806201500,20180620,930,133693.91248550796,131299.38979541778,135024.1990242882,130900.30844730757,131299.38979541778,1565874.0,1565756544.0,115.33809661865234
201806211500,20180621,930,131299.38979541778,132097.56402544785,132363.62594672776,129969.10325663758,131831.51363797762,763637.0,752950718.0,115.33809661865234
201806221500,20180622,930,132097.56402544785,130368.19613855744,133560.88152486802,131166.3703685875,131166.3703685875,840071.0,836014851.0,115.33809661865234
201806251500,20180625,930,130368.19613855744,131831.51363797762,131299.38979541778,129969.10325663758,131033.33940794755,657819.0,645752895.0,115.33809661865234
201806261500,20180626,930,131831.51363797762,124914.01902279662,131964.54459861756,124914.01902279662,125845.212679657,1195213.0,1154559104.0,115.33809661865234
201806271500,20180627,930,124914.01902279662,123849.78287148668,125579.16229218674,121056.17883328629,124514.92614087676,1124157.0,1042528512.0,115.33809661865234
201806281500,20180628,930,123849.78287148668,119060.74902511598,124914.01902279662,120124.97364261627,120923.14787264632,1045143.0,958871680.0,115.33809661865234
201806291500,20180629,930,119060.74902511598,119858.92325514603,120790.11691200639,118129.54383444594,118661.66767700577,1110764.0,996801216.0,115.33809661865234
201807021500,20180702,930,119858.92325514603,120391.03556389618,121455.27171520615,119193.77998575591,120923.14787264632,675300.0,611346111.0,115.33809661865234
201807031500,20180703,930,120391.03556389618,115602.00171752548,120391.03556389618,113872.6222968254,114537.76556621552,1315520.0,1158545920.0,115.33809661865234
201807041500,20180704,930,115602.00171752548,114803.82748749542,115602.00171752548,112542.3357580452,115335.93979624558,1274839.0,1096657016.0,115.33809661865234
201807051500,20180705,930,114803.82748749542,114670.79652685547,116400.17594755554,114537.76556621552,114537.76556621552,711153.0,617278592.0,115.33809661865234
201807061500,20180706,930,114670.79652685547,114537.76556621552,116134.11402627564,113739.60286999511,114404.74613938521,835769.0,722169594.0,115.33809661865234
201807091500,20180709,930,114537.76556621552,115602.00171752548,116799.25729566574,112542.3357580452,115202.90883560562,988283.0,852071551.0,115.33809661865234
201807101500,20180710,930,115602.00171752548,119991.95421578598,120124.97364261627,115602.00171752548,120124.97364261627,1409955.0,1255007616.0,115.33809661865234
201807111500,20180711,930,119991.95421578598,116533.2069081955,119991.95421578598,118262.57479508592,119459.83037322617,896862.0,803038976.0,115.33809661865234
201807121500,20180712,930,116533.2069081955,118033.09937952575,117464.40056505584,115468.97075688552,116799.25729566574,851297.0,744765822.0,117.15280151367188
201807131500,20180713,930,118033.09937952575,122425.02904019164,122974.01878336488,118033.09937952575,121876.03929701843,1140492.0,1008658816.0,117.15280151367188
201807161500,20180716,930,122425.02904019164,121464.29406081849,122699.51805413819,121052.54882461854,121876.03929701843,603378.0,535401184.0,117.15280151367188
201807171500,20180717,930,121464.29406081849,119954.5693382721,122150.52831096498,119268.32337284547,119817.31311601869,689846.0,603427719.0,117.15280151367188
201807181500,20180718,930,119954.5693382721,120091.81384524536,120091.81384524536,118856.5781366455,119680.06860904541,375356.0,326396992.0,117.15280151367188
201807191500,20180719,930,120091.81384524536,120091.81384524536,121464.29406081849,119268.32337284547,119405.57959509888,525153.0,460697376.0,117.15280151367188
201807201500,20180720,930,120091.81384524536,119817.31311601869,120915.30431764526,119268.32337284547,119817.31311601869,461372.0,403674304.0,117.15280151367188
201807231500,20180723,930,119817.31311601869,124071.99826971132,126267.96895768434,118170.34388649903,125032.73324908447,1754277.0,1576843904.0,117.15280151367188
201807241500,20180724,930,124071.99826971132,128875.67316657717,129699.16363897706,124071.99826971132,129287.41840277711,1781688.0,1646028000.0,117.15280151367188
201807251500,20180725,930,128875.67316657717,129561.90741672362,131483.37737546995,128052.18269417725,129012.91767355042,1425894.0,1348746878.0,117.15280151367188
201807261500,20180726,930,129561.90741672362,129012.91767355042,129699.16363897706,128052.18269417725,128738.42865960387,614123.0,575752190.0,117.15280151367188
201807271500,20180727,930,129012.91767355042,127640.43745797728,130110.89715989685,126542.45797163085,126954.2032078308,833358.0,778429756.0,117.15280151367188
201807301500,20180730,930,127640.43745797728,127914.93818720398,128463.92793037719,125993.46822845764,126954.2032078308,515126.0,477527424.0,117.15280151367188
201807311500,20180731,930,127914.93818720398,128601.17243735047,130110.89715989685,127365.94844403077,128875.67316657717,706386.0,661767616.0,117.15280151367188
201808011500,20180801,930,128601.17243735047,129287.41840277711,130248.15338215027,126954.2032078308,129287.41840277711,720151.0,674484667.0,117.15280151367188
201808021500,20180802,930,129287.41840277711,125307.23397831115,130385.39788912355,125169.97775605775,125581.7229922577,814082.0,759282240.0,117.15280151367188
201808031500,20180803,930,125307.23397831115,122562.27354716492,125581.7229922577,121876.03929701843,122699.51805413819,931401.0,839272262.0,117.15280151367188
201808061500,20180806,930,122562.27354716492,122699.51805413819,124895.4887421112,122287.77281793824,122287.77281793824,476547.0,428641536.0,117.15280151367188
201808071500,20180807,930,122699.51805413819,122974.01878336488,124895.4887421112,122013.2838039917,122699.51805413819,554010.0,497906688.0,117.15280151367188
201808081500,20180808,930,122974.01878336488,125718.96749923096,125856.22372148436,121876.03929701843,125856.22372148436,690423.0,624359680.0,117.15280151367188
201808091500,20180809,930,125718.96749923096,124071.99826971132,125718.96749923096,124071.99826971132,124209.24277668456,578953.0,527526976.0,117.15280151367188
201808101500,20180810,930,124071.99826971132,127640.43745797728,128326.68342340393,123797.50925576477,127503.19295100404,806784.0,746469820.0,117.15280151367188
201808131500,20180813,930,127640.43745797728,125169.97775605775,127777.69368023072,125718.96749923096,126679.70247860413,424168.0,391366336.0,117.15280151367188
201808141500,20180814,930,125169.97775605775,123934.75376273802,125718.96749923096,122425.02904019164,124209.24277668456,818491.0,736947768.0,117.15280151367188
201808151500,20180815,930,123934.75376273802,123797.50925576477,124071.99826971132,122699.51805413819,123523.00852653808,430240.0,386334624.0,117.15280151367188
201808161500,20180816,930,123797.50925576477,119817.31311601869,123797.50925576477,120091.81384524536,120640.8035884186,670443.0,594759545.0,117.15280151367188
201808171500,20180817,930,119817.31311601869,121876.03929701843,122013.2838039917,118719.33362967224,120503.5590814453,638273.0,559523142.0,117.15280151367188
201808201500,20180820,930,121876.03929701843,122150.52831096498,122699.51805413819,120503.5590814453,120915.30431764526,649477.0,576683263.0,117.15280151367188
201808211500,20180821,930,122150.52831096498,123797.50925576477,123797.50925576477,121738.783074765,123523.00852653808,681322.0,609934715.0,117.15280151367188
201808221500,20180822,930,123797.50925576477,126816.95870085755,127091.44771480409,123797.50925576477,126679.70247860413,1264474.0,1163292802.0,117.15280151367188
201808231500,20180823,930,126816.95870085755,127640.43745797728,128189.43891643068,125307.23397831115,127503.19295100404,982434.0,909598720.0,117.15280151367188
201808241500,20180824,930,127640.43745797728,127777.69368023072,129287.41840277711,126679.70247860413,128463.92793037719,729075.0,680941372.0,117.15280151367188
201808271500,20180827,930,127777.69368023072,137522.28798093568,140953.4826622284,127640.43745797728,137659.53248790893,3040408.0,2995072000.0,117.15280151367188
201808281500,20180828,930,137522.28798093568,141914.21764160154,143149.44163492127,136836.04201550904,143149.44163492127,2218424.0,2251527680.0,117.15280151367188
201808291500,20180829,930,141914.21764160154,140678.98193300172,143149.44163492127,140678.98193300172,141227.97167617493,1289777.0,1331917828.0,117.15280151367188
201808301500,20180830,930,140678.98193300172,140953.4826622284,141776.96141934814,139306.5017174286,140953.4826622284,901883.0,923581575.0,117.15280151367188
201808311500,20180831,930,140953.4826622284,139032.01270348206,142051.46214857482,138345.76673805542,138894.75648122863,994918.0,1013877496.0,117.15280151367188
201809031500,20180903,930,139032.01270348206,138483.02296030882,141639.7169123749,138620.2674672821,139032.01270348206,1310865.0,1337898880.0,117.15280151367188
201809041500,20180904,930,138483.02296030882,139992.7476828552,141227.97167617493,138483.02296030882,139855.4914606018,711696.0,725303302.0,117.15280151367188
201809051500,20180905,930,139992.7476828552,141365.2161831482,144659.16635746765,138208.52223108214,143149.44163492127,1296342.0,1339756544.0,117.15280151367188
201809061500,20180906,930,141365.2161831482,137934.0215018555,141776.96141934814,137934.0215018555,137934.0215018555,1179453.0,1202345728.0,117.15280151367188
201809071500,20180907,930,137934.0215018555,137796.77699488218,139169.2572104553,136561.55300156248,136836.04201550904,711778.0,713975740.0,117.15280151367188
201809101500,20180910,930,137796.77699488218,137385.03175868225,139718.24695362855,136698.79750853576,137385.03175868225,809035.0,815151748.0,117.15280151367188
201809111500,20180911,930,137385.03175868225,135875.30703613587,138208.52223108214,135051.8282790161,135600.81802218934,636989.0,631174140.0,117.15280151367188
201809121500,20180912,930,135875.30703613587,135463.5617999359,137659.53248790893,134640.08304281617,136012.55154310915,712968.0,707337597.0,117.15280151367188
201809131500,20180913,930,135463.5617999359,138483.02296030882,136836.04201550904,134777.32754978942,135600.81802218934,564829.0,558399550.0,117.15280151367188
201809141500,20180914,930,138483.02296030882,136973.2865224823,138483.02296030882,135051.8282790161,136698.79750853576,999726.0,993389945.0,117.15280151367188
201809171500,20180917,930,136973.2865224823,134502.82682056277,136973.2865224823,134640.08304281617,135051.8282790161,619750.0,611422456.0,117.15280151367188
201809181500,20180918,930,134502.82682056277,133542.09184118957,134502.82682056277,132855.85759104308,132993.10209801636,517082.0,502609632.0,117.15280151367188
201809191500,20180919,930,133542.09184118957,137659.53248790893,138757.51197425538,133130.35832026976,138345.76673805542,1126807.0,1120867584.0,117.15280151367188
201809201500,20180920,930,137659.53248790893,140953.4826622284,141914.21764160154,137659.53248790893,140541.73742602844,1231549.0,1257191544.0,117.15280151367188
201809211500,20180921,930,140953.4826622284,140816.22643997497,142051.46214857482,139855.4914606018,140404.481203775,620348.0,636742790.0,117.15280151367188
201809251500,20180925,930,140816.22643997497,144384.67734352112,146855.13704544067,139718.24695362855,146443.39180924074,1624518.0,1707850496.0,117.15280151367188
201809261500,20180926,930,144384.67734352112,145619.90133684082,146580.636316214,143835.67588506773,144796.41086444093,977015.0,1030715772.0,117.15280151367188
201809271500,20180927,930,145619.90133684082,146168.89108001406,149874.58649053346,144384.67734352112,146992.38155241395,1490513.0,1600626173.0,117.15280151367188
201809281500,20180928,930,146168.89108001406,147953.11653178712,148639.35078193358,145208.15610064086,147404.12678861388,880363.0,942200384.0,117.15280151367188
201810081500,20181008,930,147953.11653178712,146855.13704544067,154678.2613873993,147953.11653178712,151658.80022702637,2110243.0,2331358208.0,117.15280151367188
201810091500,20181009,930,146855.13704544067,143561.18687112123,148090.36103876037,143423.94236414792,143423.94236414792,1686359.0,1793455232.0,117.15280151367188
201810101500,20181010,930,143561.18687112123,144659.16635746765,146717.88082318724,142600.45189174803,144933.66708669433,1064084.0,1117946493.0,117.15280151367188
201810111500,20181011,930,144659.16635746765,137934.0215018555,146306.1355869873,142463.20738477478,143423.94236414792,995200.0,1045666176.0,117.15280151367188
201810121500,20181012,930,137934.0215018555,136836.04201550904,139443.74622440187,133404.84733421632,135326.31729296266,1995144.0,1994186624.0,117.15280151367188
201810151500,20181015,930,136836.04201550904,142600.45189174803,141914.21764160154,135463.5617999359,141365.2161831482,1516810.0,1532651392.0,117.15280151367188
201810161500,20181016,930,142600.45189174803,139169.2572104553,143698.43137809448,138483.02296030882,138757.51197425538,1402685.0,1443043072.0,117.15280151367188
201810171500,20181017,930,139169.2572104553,144110.17661429444,144521.92185049437,139032.01270348206,142325.95116252135,1396921.0,1450020344.0,117.15280151367188
201810181500,20181018,930,144110.17661429444,141227.97167617493,144796.41086444093,139169.2572104553,141776.96141934814,1350890.0,1400306307.0,117.15280151367188
201810191500,20181019,930,141227.97167617493,136561.55300156248,141227.97167617493,138071.2777241089,138483.02296030882,1001156.0,1015654780.0,117.15280151367188
201810221500,20181022,930,136561.55300156248,148364.86176798708,147953.11653178712,136424.29677930908,147678.61580256044,2083667.0,2173571328.0,117.15280151367188
201810231500,20181023,930,148364.86176798708,153717.5264080261,157285.9655962921,148090.36103876037,153031.2804425995,2645543.0,2932714496.0,117.15280151367188
201810241500,20181024,930,153717.5264080261,149600.08576130678,153717.5264080261,147266.87056636048,148776.607004187,1602546.0,1759265920.0,117.15280151367188
201810251500,20181025,930,149600.08576130678,148227.60554573365,155501.74014451905,148227.60554573365,151521.5557200531,1829425.0,2026171904.0,117.15280151367188
201810261500,20181026,930,148227.60554573365,154952.7504013458,154952.7504013458,147404.12678861388,154952.7504013458,1685011.0,1855823744.0,117.15280151367188
201810291500,20181029,930,154952.7504013458,153717.5264080261,155089.99490831912,150560.82074067992,153443.02567879943,1299975.0,1448843527.0,117.15280151367188
201810301500,20181030,930,153717.5264080261,147953.11653178712,154266.51615119932,145757.1458438141,147541.37129558716,1591629.0,1725932544.0,117.15280151367188
201810311500,20181031,930,147953.11653178712,150286.3317267334,152070.54546322633,147266.87056636048,149600.08576130678,1501828.0,1641371774.0,117.15280151367188
201811011500,20181101,930,150286.3317267334,150835.3214699066,150560.82074067992,147541.37129558716,149737.33026828003,1152684.0,1252156796.0,117.15280151367188
201811021500,20181102,930,150835.3214699066,151521.5557200531,151384.31121307984,147678.61580256044,148639.35078193358,1542776.0,1679443456.0,117.15280151367188
201811051500,20181105,930,151521.5557200531,150286.3317267334,153168.52494957275,148639.35078193358,152207.80168547973,2212923.0,2439179264.0,117.15280151367188
201811061500,20181106,930,150286.3317267334,149188.34052510682,151384.31121307984,148502.10627496033,149874.58649053346,1291924.0,1409457151.0,117.15280151367188
201811071500,20181107,930,149188.34052510682,148639.35078193358,150011.8309975067,147266.87056636048,148776.607004187,735726.0,795322630.0,117.15280151367188
201811081500,20181108,930,148639.35078193358,149325.59674736022,150286.3317267334,147541.37129558716,148364.86176798708,785597.0,851487036.0,117.15280151367188
201811091500,20181109,930,149325.59674736022,146992.38155241395,150560.82074067992,148502.10627496033,149462.8412543335,793976.0,864744320.0,117.15280151367188
201811121500,20181112,930,146992.38155241395,143561.18687112123,146992.38155241395,142737.69639872134,144796.41086444093,1629269.0,1716198400.0,117.15280151367188
201811131500,20181113,930,143561.18687112123,142874.9409056946,145208.15610064086,142600.45189174803,144933.66708669433,920334.0,965756538.0,117.15280151367188
201811141500,20181114,930,142874.9409056946,144521.92185049437,146168.89108001406,142600.45189174803,144659.16635746765,1072498.0,1126736132.0,117.15280151367188
201811151500,20181115,930,144521.92185049437,143286.68614189452,144796.41086444093,143012.197127948,143286.68614189452,774240.0,810357760.0,117.15280151367188
201811161500,20181116,930,143286.68614189452,145619.90133684082,146031.64657304075,143012.197127948,145757.1458438141,901462.0,949991808.0,117.15280151367188
201811191500,20181119,930,145619.90133684082,145070.9115936676,147129.6260593872,143972.93210732116,145070.9115936676,1059593.0,1123173241.0,117.15280151367188
201811201500,20181120,930,145070.9115936676,147541.37129558716,149325.59674736022,145070.9115936676,148913.85151116026,1360887.0,1466899460.0,117.15280151367188
201811211500,20181121,930,147541.37129558716,144110.17661429444,148227.60554573365,144384.67734352112,145070.9115936676,1033878.0,1099654656.0,117.15280151367188
201811221500,20181122,930,144110.17661429444,146443.39180924074,146443.39180924074,143972.93210732116,145619.90133684082,666157.0,705638328.0,117.15280151367188
201811231500,20181123,930,146443.39180924074,144521.92185049437,146443.39180924074,143835.67588506773,144796.41086444093,500268.0,527103296.0,117.15280151367188
201811261500,20181126,930,144521.92185049437,141914.21764160154,145208.15610064086,141639.7169123749,141639.7169123749,700358.0,730667643.0,117.15280151367188
201811271500,20181127,930,141914.21764160154,142051.46214857482,143561.18687112123,141365.2161831482,141914.21764160154,516569.0,535963328.0,117.15280151367188
201811281500,20181128,930,142051.46214857482,139581.00244665527,142600.45189174803,139443.74622440187,139718.24695362855,733448.0,752824126.0,117.15280151367188
201811291500,20181129,930,139581.00244665527,142051.46214857482,141502.4724054016,139581.00244665527,141090.72716920165,537751.0,550820224.0,117.15280151367188
201811301500,20181130,930,142051.46214857482,140267.23669680176,142463.20738477478,139855.4914606018,139992.7476828552,485284.0,499068832.0,117.15280151367188
201812031500,20181203,930,140267.23669680176,145345.4123228943,142188.7066555481,139581.00244665527,142188.7066555481,594715.0,610571520.0,117.15280151367188
201812041500,20181204,930,145345.4123228943,145070.9115936676,146306.1355869873,143835.67588506773,145345.4123228943,1064097.0,1126374791.0,117.15280151367188
201812051500,20181205,930,145070.9115936676,143972.93210732116,145757.1458438141,144521.92185049437,145345.4123228943,534813.0,565743736.0,117.15280151367188
201812061500,20181206,930,143972.93210732116,142188.7066555481,144247.42112126772,142874.9409056946,143423.94236414792,581545.0,608133314.0,117.15280151367188
201812071500,20181207,930,142188.7066555481,141365.2161831482,142188.7066555481,140404.481203775,140678.98193300172,578866.0,594649664.0,117.15280151367188
201812101500,20181210,930,141365.2161831482,140267.23669680176,142463.20738477478,141090.72716920165,141090.72716920165,340216.0,351101376.0,117.15280151367188
201812111500,20181211,930,140267.23669680176,140129.9921898285,140953.4826622284,139032.01270348206,139581.00244665527,494819.0,504040640.0,117.15280151367188
201812121500,20181212,930,140129.9921898285,141365.2161831482,140816.22643997497,139581.00244665527,140404.481203775,299090.0,305389216.0,117.15280151367188
201812131500,20181213,930,141365.2161831482,140678.98193300172,141502.4724054016,139992.7476828552,140541.73742602844,366379.0,375402880.0,117.15280151367188
201812141500,20181214,930,140678.98193300172,141914.21764160154,143835.67588506773,139992.7476828552,142600.45189174803,790845.0,819920702.0,117.15280151367188
201812171500,20181217,930,141914.21764160154,139443.74622440187,141914.21764160154,139443.74622440187,139581.00244665527,526675.0,539262976.0,117.15280151367188
201812181500,20181218,930,139443.74622440187,139992.7476828552,141776.96141934814,138620.2674672821,141227.97167617493,571275.0,584679548.0,117.15280151367188
201812191500,20181219,930,139992.7476828552,139169.2572104553,141639.7169123749,138620.2674672821,138894.75648122863,537744.0,547157568.0,117.15280151367188
201812201500,20181220,930,139169.2572104553,136149.80776536255,139718.24695362855,135875.30703613587,136424.29677930908,598007.0,600090176.0,117.15280151367188
201812211500,20181221,930,136149.80776536255,132855.85759104308,136836.04201550904,132306.86784786987,133267.60282724304,990285.0,964202878.0,117.15280151367188
201812241500,20181224,930,132855.85759104308,129012.91767355042,133130.35832026976,128052.18269417725,129699.16363897706,1000617.0,944460346.0,117.15280151367188
201812251500,20181225,930,129012.91767355042,127503.19295100404,129699.16363897706,127914.93818720398,129287.41840277711,509118.0,477186912.0,117.15280151367188
201812261500,20181226,930,127503.19295100404,128326.68342340393,129424.66290975036,126542.45797163085,128189.43891643068,586615.0,545235584.0,117.15280151367188
201812271500,20181227,930,128326.68342340393,129699.16363897706,129287.41840277711,127228.7039370575,127640.43745797728,421141.0,393215136.0,117.15280151367188
201812281500,20181228,930,129699.16363897706,127777.69368023072,130248.15338215027,127365.94844403077,127365.94844403077,624593.0,586343740.0,117.15280151367188
201901021500,20190102,930,127777.69368023072,128875.67316657717,129836.40814595032,127777.69368023072,128738.42865960387,576604.0,541571008.0,117.15280151367188
201901031500,20190103,930,128875.67316657717,125993.46822845764,129287.41840277711,125718.96749923096,126130.7127354309,539386.0,498695104.0,117.15280151367188
201901041500,20190104,930,125993.46822845764,126816.95870085755,128052.18269417725,125718.96749923096,127365.94844403077,415538.0,384457696.0,117.15280151367188
201901071500,20190107,930,126816.95870085755,135051.8282790161,134777.32754978942,126816.95870085755,133816.59257041628,1481159.0,1422149888.0,117.15280151367188
201901081500,20190108,930,135051.8282790161,133542.09184118957,135051.8282790161,132306.86784786987,133679.34806344297,865688.0,841166462.0,117.15280151367188
201901091500,20190109,930,133542.09184118957,133679.34806344297,133679.34806344297,132169.6233408966,132581.3568618164,402388.0,389247808.0,117.15280151367188
201901101500,20190110,930,133679.34806344297,135463.5617999359,138345.76673805542,133130.35832026976,136424.29677930908,1233486.0,1229465094.0,117.15280151367188
201901111500,20190111,930,135463.5617999359,138757.51197425538,139992.7476828552,135463.5617999359,138620.2674672821,1071818.0,1079710976.0,117.15280151367188
201901141500,20190114,930,138757.51197425538,140267.23669680176,140129.9921898285,137934.0215018555,139992.7476828552,696365.0,708001788.0,117.15280151367188
201901151500,20190115,930,140267.23669680176,138757.51197425538,140678.98193300172,138208.52223108214,138757.51197425538,500444.0,507862880.0,117.15280151367188
201901161500,20190116,930,138757.51197425538,140541.73742602844,141090.72716920165,138620.2674672821,140541.73742602844,542161.0,553027328.0,117.15280151367188
201901171500,20190117,930,140541.73742602844,144659.16635746765,144110.17661429444,140541.73742602844,143835.67588506773,977699.0,1017495104.0,117.15280151367188
201901181500,20190118,930,144659.16635746765,141914.21764160154,144796.41086444093,139581.00244665527,140678.98193300172,882812.0,910212096.0,117.15280151367188
201901211500,20190121,930,141914.21764160154,141914.21764160154,143972.93210732116,141090.72716920165,143149.44163492127,738793.0,769973627.0,117.15280151367188
201901221500,20190122,930,141914.21764160154,141914.21764160154,143698.43137809448,141639.7169123749,141914.21764160154,659356.0,684465668.0,117.15280151367188
201901231500,20190123,930,141914.21764160154,141227.97167617493,143286.68614189452,140816.22643997497,141090.72716920165,424414.0,438991456.0,117.15280151367188
201901241500,20190124,930,141227.97167617493,142737.69639872134,143698.43137809448,141227.97167617493,142051.46214857482,537877.0,559384381.0,117.15280151367188
201901251500,20190125,930,142737.69639872134,144933.66708669433,144796.41086444093,142325.95116252135,144384.67734352112,679241.0,711495684.0,117.15280151367188
201901281500,20190128,930,144933.66708669433,151521.5557200531,151384.31121307984,144933.66708669433,150972.56597687988,2108362.0,2299718144.0,117.15280151367188
201901291500,20190129,930,151521.5557200531,150423.57623370667,152894.03593562622,149325.59674736022,150149.07550447996,1035910.0,1141853824.0,117.15280151367188
201901301500,20190130,930,150423.57623370667,150286.3317267334,151933.30095625305,147953.11653178712,150972.56597687988,826631.0,904847866.0,117.15280151367188
201901311500,20190131,930,150286.3317267334,150698.0652476532,153443.02567879943,149188.34052510682,150286.3317267334,712001.0,785204605.0,117.15280151367188
201902011500,20190201,930,150698.0652476532,153717.5264080261,153717.5264080261,150149.07550447996,152345.04619245298,831623.0,922602884.0,117.15280151367188
201902111500,20190211,930,153717.5264080261,152070.54546322633,154403.7606581726,150423.57623370667,153717.5264080261,1014270.0,1127216134.0,117.15280151367188
201902121500,20190212,930,152070.54546322633,153717.5264080261,153854.7709149994,150560.82074067992,153854.7709149994,801937.0,889951552.0,117.15280151367188
201902131500,20190213,930,153717.5264080261,153580.2701857727,155227.25113057252,151521.5557200531,153580.2701857727,959937.0,1071873086.0,117.15280151367188
201902141500,20190214,930,153580.2701857727,155089.99490831912,156599.7196308655,152619.53520639954,156187.9861099457,1137366.0,1280182144.0,117.15280151367188
201902151500,20190215,930,155089.99490831912,154129.25992894592,155501.74014451905,153580.2701857727,154403.7606581726,869185.0,977818112.0,117.15280151367188
201902181500,20190218,930,154129.25992894592,151658.80022702637,154129.25992894592,149600.08576130678,150286.3317267334,1100127.0,1213914371.0,117.15280151367188
201902191500,20190219,930,151658.80022702637,155913.485380719,155913.485380719,151521.5557200531,155913.485380719,1255522.0,1408279680.0,117.15280151367188
201902201500,20190220,930,155913.485380719,155501.74014451905,159481.92456898498,154266.51615119932,154678.2613873993,1270882.0,1445281408.0,117.15280151367188
201902211500,20190221,930,155501.74014451905,156187.9861099457,158109.45606869203,154541.00516514588,156599.7196308655,832630.0,949430780.0,117.15280151367188
201902221500,20190222,930,156187.9861099457,155776.2408737457,158521.18958961184,154815.50589437256,155913.485380719,754246.0,860591099.0,117.15280151367188
201902251500,20190225,930,155776.2408737457,160579.91577061155,158795.69031883852,153031.2804425995,158383.94508263853,1184048.0,1343020288.0,117.15280151367188
201902261500,20190226,930,160579.91577061155,172245.96831478272,173343.9595164093,158932.93482581177,172245.96831478272,2824935.0,3415946752.0,117.15280151367188
201902271500,20190227,930,172245.96831478272,167991.29487637023,172520.4690440094,166893.30367474366,167442.30513319702,2017545.0,2485673472.0,117.15280151367188
201902281500,20190228,930,167991.29487637023,170736.2435922363,173755.6930373291,166893.30367474366,170187.2538490631,1979014.0,2454404350.0,117.15280151367188
201903011500,20190301,930,170736.2435922363,171285.23333540955,173069.45878718264,168403.0401125702,169638.2641058899,1113100.0,1383110776.0,117.15280151367188
201903041500,20190304,930,171285.23333540955,174304.69449578246,175402.6739821289,167442.30513319702,175128.17325290223,1712679.0,2137669504.0,117.15280151367188
201903051500,20190305,930,174304.69449578246,177186.88771862185,183637.54356028748,173343.9595164093,178284.87892024842,2456830.0,3195011584.0,117.15280151367188
201903061500,20190306,930,177186.88771862185,179245.6138996216,182402.30785168763,176226.1644545288,179245.6138996216,1408422.0,1838251648.0,117.15280151367188
201903071500,20190307,930,179245.6138996216,179245.6138996216,180206.34887899476,176226.1644545288,179520.10291356812,1245760.0,1614670976.0,117.15280151367188
201903081500,20190308,930,179245.6138996216,171422.48955766295,179245.6138996216,172657.71355098268,174853.68423895567,1782057.0,2274150916.0,117.15280151367188
201903111500,20190311,930,171422.48955766295,168814.77363349,173892.94925958253,168265.7838903168,168814.77363349,1778162.0,2214572544.0,117.15280151367188
201903121500,20190312,930,168814.77363349,171422.48955766295,171285.23333540955,165520.8351744507,169089.27436271668,1157651.0,1416000384.0,117.15280151367188
201903131500,20190313,930,171422.48955766295,169363.77509194336,173343.9595164093,167991.29487637023,169638.2641058899,1411795.0,1757797248.0,117.15280151367188
201903141500,20190314,930,169363.77509194336,169226.51886968993,172245.96831478272,166481.57015382385,169775.50861286317,1269427.0,1568387582.0,117.15280151367188
201903151500,20190315,930,169226.51886968993,169363.77509194336,173069.45878718264,168540.28461954347,170598.99908526306,1057468.0,1316372990.0,117.15280151367188
201903181500,20190318,930,169363.77509194336,171971.4793008362,174030.19376655578,169363.77509194336,171559.73406463623,1045406.0,1311323008.0,117.15280151367188
201903191500,20190319,930,171971.4793008362,177324.14394087525,177598.63295482178,169226.51886968993,177186.88771862185,1486455.0,1882483584.0,117.15280151367188
201903201500,20190320,930,177324.14394087525,174030.19376655578,177598.63295482178,173206.7032941559,175539.91848910216,957196.0,1221118342.0,117.15280151367188
201903211500,20190321,930,174030.19376655578,175265.42947515566,176775.15419770204,173206.7032941559,174990.92874592895,929996.0,1185477114.0,117.15280151367188
201903221500,20190322,930,175265.42947515566,174167.43827352906,175677.16299607544,172932.21428020933,174167.43827352906,860141.0,1092506495.0,117.15280151367188
201903251500,20190325,930,174167.43827352906,170187.2538490631,174853.68423895567,171559.73406463623,172794.96977323608,713502.0,898629447.0,117.15280151367188
201903261500,20190326,930,170187.2538490631,167854.03865411683,170187.2538490631,166069.8249176239,166207.06942459717,1179883.0,1445560192.0,117.15280151367188
201903271500,20190327,930,167854.03865411683,167991.29487637023,168677.52912651672,164834.58920902407,166069.8249176239,935393.0,1136721280.0,117.15280151367188
201903281500,20190328,930,167991.29487637023,168952.02985574343,171147.9888284363,167305.0489109436,169912.76483511657,922827.0,1138302717.0,117.15280151367188
201903291500,20190329,930,168952.02985574343,168265.7838903168,168952.02985574343,166069.8249176239,167716.79414714355,732467.0,892530623.0,117.15280151367188
