,中欧新蓝筹A,,,中欧消费主题A,,,中欧成长,,,中欧医疗健康A,,,中欧强债
,166002.OF,,,002621.OF,,,166006.OF,,,003095.OF,,,166008.SZ
日期,复权单位净值,,日期,复权单位净值,,日期,复权单位净值,,日期,复权单位净值,,日期,复权单位净值
Date,NAV_adj,,Date,NAV_adj,,Date,NAV_adj,,Date,NAV_adj,,Date,NAV_adj
2016-09-29,3.234937,,2016-09-29,0.998000,,2016-09-29,1.158374,,2016-09-29,1.000000,,2016-09-29,1.508876
2016-09-30,3.243632,,2016-09-30,1.002000,,2016-09-30,1.164128,,2016-09-30,1.000000,,2016-09-30,1.509164
2016-10-10,3.286740,,2016-10-10,1.010000,,2016-10-10,1.174381,,2016-10-10,1.000000,,2016-10-10,1.511471
2016-10-11,3.302498,,2016-10-11,1.011000,,2016-10-11,1.182123,,2016-10-11,1.000000,,2016-10-11,1.511759
2016-10-12,3.312279,,2016-10-12,1.008000,,2016-10-12,1.179507,,2016-10-12,1.000000,,2016-10-12,1.512047
2016-10-13,3.311011,,2016-10-13,1.005000,,2016-10-13,1.176578,,2016-10-13,1.000000,,2016-10-13,1.513200
2016-10-14,3.314271,,2016-10-14,1.009000,,2016-10-14,1.172707,,2016-10-14,1.002000,,2016-10-14,1.513777
2016-10-17,3.288189,,2016-10-17,1.002000,,2016-10-17,1.167476,,2016-10-17,1.002000,,2016-10-17,1.514498
2016-10-18,3.320973,,2016-10-18,1.016000,,2016-10-18,1.178252,,2016-10-18,1.002000,,2016-10-18,1.515079
2016-10-19,3.313003,,2016-10-19,1.013000,,2016-10-19,1.176787,,2016-10-19,1.002000,,2016-10-19,1.515516
2016-10-20,3.314090,,2016-10-20,1.014000,,2016-10-20,1.183378,,2016-10-20,1.002000,,2016-10-20,1.516097
2016-10-21,3.304490,,2016-10-21,1.013000,,2016-10-21,1.180658,,2016-10-21,0.997000,,2016-10-21,1.516679
2016-10-24,3.313366,,2016-10-24,1.019000,,2016-10-24,1.190806,,2016-10-24,0.997000,,2016-10-24,1.516970
2016-10-25,3.322422,,2016-10-25,1.020000,,2016-10-25,1.193108,,2016-10-25,0.997000,,2016-10-25,1.516097
2016-10-26,3.324052,,2016-10-26,1.017000,,2016-10-26,1.185052,,2016-10-26,0.997000,,2016-10-26,1.514498
2016-10-27,3.325864,,2016-10-27,1.016000,,2016-10-27,1.187145,,2016-10-27,0.997000,,2016-10-27,1.513625
2016-10-28,3.321335,,2016-10-28,1.013000,,2016-10-28,1.177833,,2016-10-28,0.991000,,2016-10-28,1.513771
2016-10-31,3.324052,,2016-10-31,1.012000,,2016-10-31,1.177624,,2016-10-31,0.993000,,2016-10-31,1.513771
2016-11-01,3.349772,,2016-11-01,1.021000,,2016-11-01,1.189656,,2016-11-01,0.995000,,2016-11-01,1.513916
2016-11-02,3.333290,,2016-11-02,1.016000,,2016-11-02,1.189237,,2016-11-02,0.993000,,2016-11-02,1.513916
2016-11-03,3.340716,,2016-11-03,1.021000,,2016-11-03,1.188714,,2016-11-03,0.991000,,2016-11-03,1.514352
2016-11-04,3.335282,,2016-11-04,1.022000,,2016-11-04,1.180763,,2016-11-04,0.990000,,2016-11-04,1.514643
2016-11-07,3.325501,,2016-11-07,1.018000,,2016-11-07,1.175410,,2016-11-07,0.989000,,2016-11-07,1.515079
2016-11-08,3.341440,,2016-11-08,1.023000,,2016-11-08,1.182160,,2016-11-08,0.990000,,2016-11-08,1.514643
2016-11-09,3.318981,,2016-11-09,1.015000,,2016-11-09,1.181694,,2016-11-09,0.983000,,2016-11-09,1.514643
2016-11-10,3.345425,,2016-11-10,1.029000,,2016-11-10,1.193099,,2016-11-10,0.988000,,2016-11-10,1.513916
2016-11-11,3.347055,,2016-11-11,1.026000,,2016-11-11,1.195194,,2016-11-11,0.985000,,2016-11-11,1.512898
2016-11-14,3.343976,,2016-11-14,1.019000,,2016-11-14,1.193215,,2016-11-14,0.984000,,2016-11-14,1.512462
2016-11-15,3.356293,,2016-11-15,1.025000,,2016-11-15,1.190422,,2016-11-15,0.985000,,2016-11-15,1.510717
2016-11-16,3.346512,,2016-11-16,1.023000,,2016-11-16,1.193332,,2016-11-16,0.983000,,2016-11-16,1.510136
2016-11-17,3.345425,,2016-11-17,1.020000,,2016-11-17,1.190306,,2016-11-17,0.982000,,2016-11-17,1.508827
2016-11-18,3.344520,,2016-11-18,1.013000,,2016-11-18,1.184371,,2016-11-18,0.978000,,2016-11-18,1.507955
2016-11-21,3.342527,,2016-11-21,1.021000,,2016-11-21,1.187280,,2016-11-21,0.981000,,2016-11-21,1.507664
2016-11-22,3.345425,,2016-11-22,1.026000,,2016-11-22,1.195892,,2016-11-22,0.988000,,2016-11-22,1.507373
2016-11-23,3.340354,,2016-11-23,1.019000,,2016-11-23,1.191586,,2016-11-23,0.985000,,2016-11-23,1.506937
2016-11-24,3.335101,,2016-11-24,1.022000,,2016-11-24,1.195892,,2016-11-24,0.990000,,2016-11-24,1.507082
2016-11-25,3.341444,,2016-11-25,1.028000,,2016-11-25,1.202293,,2016-11-25,0.994000,,2016-11-25,1.506792
2016-11-28,3.348919,,2016-11-28,1.031000,,2016-11-28,1.204970,,2016-11-28,0.995000,,2016-11-28,1.506792
2016-11-29,3.332609,,2016-11-29,1.029000,,2016-11-29,1.204853,,2016-11-29,0.988000,,2016-11-29,1.505483
2016-11-30,3.320377,,2016-11-30,1.020000,,2016-11-30,1.197172,,2016-11-30,0.978000,,2016-11-30,1.501266
2016-12-01,3.330118,,2016-12-01,1.027000,,2016-12-01,1.213465,,2016-12-01,0.980000,,2016-12-01,1.496759
2016-12-02,3.302255,,2016-12-02,1.009000,,2016-12-02,1.198336,,2016-12-02,0.966000,,2016-12-02,1.493851
2016-12-05,3.291835,,2016-12-05,1.001000,,2016-12-05,1.187629,,2016-12-05,0.962000,,2016-12-05,1.492833
2016-12-06,3.320604,,2016-12-06,1.003000,,2016-12-06,1.189142,,2016-12-06,0.960000,,2016-12-06,1.487744
2016-12-07,3.332156,,2016-12-07,1.014000,,2016-12-07,1.197871,,2016-12-07,0.968000,,2016-12-07,1.486872
2016-12-08,3.327626,,2016-12-08,1.012000,,2016-12-08,1.195077,,2016-12-08,0.965000,,2016-12-08,1.487453
2016-12-09,3.324454,,2016-12-09,1.013000,,2016-12-09,1.196008,,2016-12-09,0.968000,,2016-12-09,1.487308
2016-12-12,3.210966,,2016-12-12,0.979000,,2016-12-12,1.162608,,2016-12-12,0.946000,,2016-12-12,1.486435
2016-12-13,3.241547,,2016-12-13,0.987000,,2016-12-13,1.169009,,2016-12-13,0.943000,,2016-12-13,1.483527
2016-12-14,3.226596,,2016-12-14,0.984000,,2016-12-14,1.158419,,2016-12-14,0.939000,,2016-12-14,1.480329
2016-12-15,3.232486,,2016-12-15,0.990000,,2016-12-15,1.152600,,2016-12-15,0.928000,,2016-12-15,1.471459
2016-12-16,3.248569,,2016-12-16,0.992000,,2016-12-16,1.159233,,2016-12-16,0.928000,,2016-12-16,1.469860
2016-12-19,3.260348,,2016-12-19,0.996000,,2016-12-19,1.157720,,2016-12-19,0.931000,,2016-12-19,1.466661
2016-12-20,3.242453,,2016-12-20,0.986000,,2016-12-20,1.153996,,2016-12-20,0.930000,,2016-12-20,1.463171
2016-12-21,3.268503,,2016-12-21,0.989000,,2016-12-21,1.156906,,2016-12-21,0.932000,,2016-12-21,1.463462
2016-12-22,3.268050,,2016-12-22,0.980000,,2016-12-22,1.157720,,2016-12-22,0.933000,,2016-12-22,1.465643
2016-12-23,3.250608,,2016-12-23,0.972000,,2016-12-23,1.147246,,2016-12-23,0.928000,,2016-12-23,1.467388
2016-12-26,3.261254,,2016-12-26,0.980000,,2016-12-26,1.148410,,2016-12-26,0.929000,,2016-12-26,1.468842
2016-12-27,3.265558,,2016-12-27,0.982000,,2016-12-27,1.148177,,2016-12-27,0.929000,,2016-12-27,1.470441
2016-12-28,3.249022,,2016-12-28,0.980000,,2016-12-28,1.143057,,2016-12-28,0.924000,,2016-12-28,1.470296
2016-12-29,3.246983,,2016-12-29,0.980000,,2016-12-29,1.142009,,2016-12-29,0.918000,,2016-12-29,1.471605
2016-12-30,3.258310,,2016-12-30,0.982000,,2016-12-30,1.146897,,2016-12-30,0.927000,,2016-12-30,1.473349
2017-01-03,3.278017,,2017-01-03,0.988000,,2017-01-03,1.150738,,2017-01-03,0.934000,,2017-01-03,1.474949
2017-01-04,3.314714,,2017-01-04,0.998000,,2017-01-04,1.165052,,2017-01-04,0.938000,,2017-01-04,1.475821
2017-01-05,3.303841,,2017-01-05,1.000000,,2017-01-05,1.163306,,2017-01-05,0.940000,,2017-01-05,1.476548
2017-01-06,3.293194,,2017-01-06,0.991000,,2017-01-06,1.155626,,2017-01-06,0.932000,,2017-01-06,1.476984
2017-01-09,3.308598,,2017-01-09,0.991000,,2017-01-09,1.154927,,2017-01-09,0.935000,,2017-01-09,1.477275
2017-01-10,3.304067,,2017-01-10,0.992000,,2017-01-10,1.156207,,2017-01-10,0.933000,,2017-01-10,1.478438
2017-01-11,3.266238,,2017-01-11,0.981000,,2017-01-11,1.148294,,2017-01-11,0.928000,,2017-01-11,1.479456
2017-01-12,3.245171,,2017-01-12,0.972000,,2017-01-12,1.138169,,2017-01-12,0.920000,,2017-01-12,1.480183
2017-01-13,3.218442,,2017-01-13,0.955000,,2017-01-13,1.129673,,2017-01-13,0.914000,,2017-01-13,1.480765
2017-01-16,3.161584,,2017-01-16,0.940000,,2017-01-16,1.121760,,2017-01-16,0.912000,,2017-01-16,1.481346
2017-01-17,3.182877,,2017-01-17,0.950000,,2017-01-17,1.127579,,2017-01-17,0.918000,,2017-01-17,1.479602
2017-01-18,3.195563,,2017-01-18,0.948000,,2017-01-18,1.136772,,2017-01-18,0.920000,,2017-01-18,1.477857
2017-01-19,3.185596,,2017-01-19,0.946000,,2017-01-19,1.133514,,2017-01-19,0.915000,,2017-01-19,1.476403
2017-01-20,3.208022,,2017-01-20,0.955000,,2017-01-20,1.142708,,2017-01-20,0.924000,,2017-01-20,1.476984
2017-01-23,3.236790,,2017-01-23,0.958000,,2017-01-23,1.152134,,2017-01-23,0.928000,,2017-01-23,1.478148
2017-01-24,3.230221,,2017-01-24,0.959000,,2017-01-24,1.149923,,2017-01-24,0.925000,,2017-01-24,1.478438
2017-01-25,3.239055,,2017-01-25,0.964000,,2017-01-25,1.151669,,2017-01-25,0.932000,,2017-01-25,1.477566
2017-01-26,3.254006,,2017-01-26,0.966000,,2017-01-26,1.162492,,2017-01-26,0.936000,,2017-01-26,1.477857
2017-02-03,3.240867,,2017-02-03,0.962000,,2017-02-03,1.154462,,2017-02-03,0.936000,,2017-02-03,1.476112
2017-02-06,3.266464,,2017-02-06,0.969000,,2017-02-06,1.158535,,2017-02-06,0.937000,,2017-02-06,1.474222
2017-02-07,3.263067,,2017-02-07,0.970000,,2017-02-07,1.159815,,2017-02-07,0.941000,,2017-02-07,1.472477
2017-02-08,3.278017,,2017-02-08,0.973000,,2017-02-08,1.164121,,2017-02-08,0.941000,,2017-02-08,1.471023
2017-02-09,3.297498,,2017-02-09,0.977000,,2017-02-09,1.165052,,2017-02-09,0.939000,,2017-02-09,1.471459
2017-02-10,3.307692,,2017-02-10,0.975000,,2017-02-10,1.165983,,2017-02-10,0.938000,,2017-02-10,1.471895
2017-02-13,3.326720,,2017-02-13,0.983000,,2017-02-13,1.173780,,2017-02-13,0.948000,,2017-02-13,1.472041
2017-02-14,3.322189,,2017-02-14,0.983000,,2017-02-14,1.179017,,2017-02-14,0.943000,,2017-02-14,1.472477
2017-02-15,3.294780,,2017-02-15,0.975000,,2017-02-15,1.172617,,2017-02-15,0.931000,,2017-02-15,1.472622
2017-02-16,3.323322,,2017-02-16,0.981000,,2017-02-16,1.179250,,2017-02-16,0.941000,,2017-02-16,1.472622
2017-02-17,3.306106,,2017-02-17,0.977000,,2017-02-17,1.171686,,2017-02-17,0.932000,,2017-02-17,1.473204
2017-02-20,3.344162,,2017-02-20,0.993000,,2017-02-20,1.193448,,2017-02-20,0.944000,,2017-02-20,1.474076
2017-02-21,3.363643,,2017-02-21,1.007000,,2017-02-21,1.198452,,2017-02-21,0.956000,,2017-02-21,1.473931
2017-02-22,3.372251,,2017-02-22,1.008000,,2017-02-22,1.208112,,2017-02-22,0.960000,,2017-02-22,1.471605
2017-02-23,3.367494,,2017-02-23,1.002000,,2017-02-23,1.201129,,2017-02-23,0.979000,,2017-02-23,1.472041
2017-02-24,3.361151,,2017-02-24,1.007000,,2017-02-24,1.197172,,2017-02-24,0.974000,,2017-02-24,1.472768
2017-02-27,3.334195,,2017-02-27,1.002000,,2017-02-27,1.187047,,2017-02-27,0.969000,,2017-02-27,1.476112
2017-02-28,3.345521,,2017-02-28,1.003000,,2017-02-28,1.189259,,2017-02-28,0.972000,,2017-02-28,1.476112
2017-03-01,3.351864,,2017-03-01,1.004000,,2017-03-01,1.192052,,2017-03-01,0.970000,,2017-03-01,1.476112
2017-03-02,3.340991,,2017-03-02,0.997000,,2017-03-02,1.193681,,2017-03-02,0.969000,,2017-03-02,1.475676
2017-03-03,3.333062,,2017-03-03,0.999000,,2017-03-03,1.197405,,2017-03-03,0.968000,,2017-03-03,1.475530
2017-03-06,3.354582,,2017-03-06,1.004000,,2017-03-06,1.209275,,2017-03-06,0.973000,,2017-03-06,1.475676
2017-03-07,3.365455,,2017-03-07,1.012000,,2017-03-07,1.214280,,2017-03-07,0.974000,,2017-03-07,1.475676
2017-03-08,3.343256,,2017-03-08,1.010000,,2017-03-08,1.208694,,2017-03-08,0.973000,,2017-03-08,1.475094
2017-03-09,3.325361,,2017-03-09,1.006000,,2017-03-09,1.196241,,2017-03-09,0.966000,,2017-03-09,1.473640
2017-03-10,3.324454,,2017-03-10,1.015000,,2017-03-10,1.204504,,2017-03-10,0.972000,,2017-03-10,1.473204
2017-03-13,3.347560,,2017-03-13,1.022000,,2017-03-13,1.216840,,2017-03-13,0.982000,,2017-03-13,1.472768
2017-03-14,3.338725,,2017-03-14,1.016000,,2017-03-14,1.221728,,2017-03-14,0.980000,,2017-03-14,1.472622
2017-03-15,3.345295,,2017-03-15,1.018000,,2017-03-15,1.226383,,2017-03-15,0.987000,,2017-03-15,1.472768
2017-03-16,3.361378,,2017-03-16,1.022000,,2017-03-16,1.233366,,2017-03-16,0.989000,,2017-03-16,1.473495
2017-03-17,3.343256,,2017-03-17,1.018000,,2017-03-17,1.218237,,2017-03-17,0.982000,,2017-03-17,1.473786
2017-03-20,3.350457,,2017-03-20,1.021000,,2017-03-20,1.220099,,2017-03-20,0.986000,,2017-03-20,1.473495
2017-03-21,3.365660,,2017-03-21,1.035000,,2017-03-21,1.237090,,2017-03-21,0.996000,,2017-03-21,1.472913
2017-03-22,3.377929,,2017-03-22,1.040000,,2017-03-22,1.240115,,2017-03-22,1.008000,,2017-03-22,1.473349
2017-03-23,3.383263,,2017-03-23,1.036000,,2017-03-23,1.244189,,2017-03-23,1.008000,,2017-03-23,1.473640
2017-03-24,3.389131,,2017-03-24,1.038000,,2017-03-24,1.248960,,2017-03-24,1.005000,,2017-03-24,1.474658
2017-03-27,3.372861,,2017-03-27,1.031000,,2017-03-27,1.237788,,2017-03-27,0.995000,,2017-03-27,1.475385
2017-03-28,3.368060,,2017-03-28,1.031000,,2017-03-28,1.232202,,2017-03-28,0.998000,,2017-03-28,1.476112
2017-03-29,3.351791,,2017-03-29,1.029000,,2017-03-29,1.232900,,2017-03-29,0.990000,,2017-03-29,1.476257
2017-03-30,3.324853,,2017-03-30,1.020000,,2017-03-30,1.224288,,2017-03-30,0.986000,,2017-03-30,1.476112
2017-03-31,3.349390,,2017-03-31,1.024000,,2017-03-31,1.239068,,2017-03-31,1.002000,,2017-03-31,1.475530
2017-04-05,3.383263,,2017-04-05,1.036000,,2017-04-05,1.255244,,2017-04-05,1.019000,,2017-04-05,1.476839
2017-04-06,3.384330,,2017-04-06,1.036000,,2017-04-06,1.252684,,2017-04-06,1.020000,,2017-04-06,1.476984
2017-04-07,3.387797,,2017-04-07,1.039000,,2017-04-07,1.258038,,2017-04-07,1.014000,,2017-04-07,1.477566
2017-04-10,3.369927,,2017-04-10,1.032000,,2017-04-10,1.250008,,2017-04-10,0.998000,,2017-04-10,1.479165
2017-04-11,3.378195,,2017-04-11,1.034000,,2017-04-11,1.240814,,2017-04-11,0.991000,,2017-04-11,1.479602
2017-04-12,3.382196,,2017-04-12,1.036000,,2017-04-12,1.239068,,2017-04-12,0.994000,,2017-04-12,1.479892
2017-04-13,3.400599,,2017-04-13,1.043000,,2017-04-13,1.245236,,2017-04-13,1.008000,,2017-04-13,1.480329
2017-04-14,3.372861,,2017-04-14,1.032000,,2017-04-14,1.230223,,2017-04-14,0.997000,,2017-04-14,1.479892
2017-04-17,3.367527,,2017-04-17,1.033000,,2017-04-17,1.229641,,2017-04-17,0.999000,,2017-04-17,1.479020
2017-04-18,3.366460,,2017-04-18,1.039000,,2017-04-18,1.241163,,2017-04-18,1.008000,,2017-04-18,1.478438
2017-04-19,3.376862,,2017-04-19,1.036000,,2017-04-19,1.243141,,2017-04-19,1.006000,,2017-04-19,1.477857
2017-04-20,3.395265,,2017-04-20,1.054000,,2017-04-20,1.254895,,2017-04-20,1.028000,,2017-04-20,1.477275
2017-04-21,3.388330,,2017-04-21,1.048000,,2017-04-21,1.248145,,2017-04-21,1.016000,,2017-04-21,1.476548
2017-04-24,3.354725,,2017-04-24,1.033000,,2017-04-24,1.231969,,2017-04-24,0.995000,,2017-04-24,1.475385
2017-04-25,3.389664,,2017-04-25,1.044000,,2017-04-25,1.250240,,2017-04-25,0.998000,,2017-04-25,1.475094
2017-04-26,3.386197,,2017-04-26,1.040000,,2017-04-26,1.247564,,2017-04-26,1.003000,,2017-04-26,1.475240
2017-04-27,3.385130,,2017-04-27,1.040000,,2017-04-27,1.251986,,2017-04-27,1.014000,,2017-04-27,1.475530
2017-04-28,3.391798,,2017-04-28,1.032000,,2017-04-28,1.248145,,2017-04-28,1.002000,,2017-04-28,1.476984
2017-05-02,3.383263,,2017-05-02,1.030000,,2017-05-02,1.255012,,2017-05-02,1.004000,,2017-05-02,1.477421
2017-05-03,3.372861,,2017-05-03,1.027000,,2017-05-03,1.251986,,2017-05-03,1.001000,,2017-05-03,1.476984
2017-05-04,3.354991,,2017-05-04,1.026000,,2017-05-04,1.252801,,2017-05-04,0.996000,,2017-05-04,1.476257
2017-05-05,3.326186,,2017-05-05,1.019000,,2017-05-05,1.245003,,2017-05-05,0.992000,,2017-05-05,1.475676
2017-05-08,3.291513,,2017-05-08,1.007000,,2017-05-08,1.221611,,2017-05-08,0.981000,,2017-05-08,1.475094
2017-05-09,3.324319,,2017-05-09,1.013000,,2017-05-09,1.230456,,2017-05-09,0.982000,,2017-05-09,1.474367
2017-05-10,3.304316,,2017-05-10,1.005000,,2017-05-10,1.229758,,2017-05-10,0.985000,,2017-05-10,1.472332
2017-05-11,3.316318,,2017-05-11,1.011000,,2017-05-11,1.243258,,2017-05-11,0.994000,,2017-05-11,1.471459
2017-05-12,3.327786,,2017-05-12,1.014000,,2017-05-12,1.250589,,2017-05-12,1.001000,,2017-05-12,1.471168
2017-05-15,3.330720,,2017-05-15,1.025000,,2017-05-15,1.257688,,2017-05-15,1.022000,,2017-05-15,1.471314
2017-05-16,3.373394,,2017-05-16,1.048000,,2017-05-16,1.285735,,2017-05-16,1.041000,,2017-05-16,1.471023
2017-05-17,3.356592,,2017-05-17,1.037000,,2017-05-17,1.272934,,2017-05-17,1.027000,,2017-05-17,1.470587
2017-05-18,3.350457,,2017-05-18,1.035000,,2017-05-18,1.264555,,2017-05-18,1.027000,,2017-05-18,1.470587
2017-05-19,3.350190,,2017-05-19,1.035000,,2017-05-19,1.268279,,2017-05-19,1.032000,,2017-05-19,1.470441
2017-05-22,3.328320,,2017-05-22,1.032000,,2017-05-22,1.272236,,2017-05-22,1.036000,,2017-05-22,1.470441
2017-05-23,3.322986,,2017-05-23,1.030000,,2017-05-23,1.275029,,2017-05-23,1.042000,,2017-05-23,1.469569
2017-05-24,3.324853,,2017-05-24,1.030000,,2017-05-24,1.273632,,2017-05-24,1.038000,,2017-05-24,1.469860
2017-05-25,3.330720,,2017-05-25,1.030000,,2017-05-25,1.267813,,2017-05-25,1.036000,,2017-05-25,1.470732
2017-05-26,3.321119,,2017-05-26,1.024000,,2017-05-26,1.259434,,2017-05-26,1.026000,,2017-05-26,1.470732
2017-05-31,3.320585,,2017-05-31,1.021000,,2017-05-31,1.259201,,2017-05-31,1.029000,,2017-05-31,1.471605
2017-06-01,3.314717,,2017-06-01,1.016000,,2017-06-01,1.257572,,2017-06-01,1.036000,,2017-06-01,1.471459
2017-06-02,3.314717,,2017-06-02,1.016000,,2017-06-02,1.253964,,2017-06-02,1.026000,,2017-06-02,1.471605
2017-06-05,3.321119,,2017-06-05,1.017000,,2017-06-05,1.259667,,2017-06-05,1.017000,,2017-06-05,1.471605
2017-06-06,3.338188,,2017-06-06,1.030000,,2017-06-06,1.274912,,2017-06-06,1.032000,,2017-06-06,1.471750
2017-06-07,3.382996,,2017-06-07,1.049000,,2017-06-07,1.293300,,2017-06-07,1.052000,,2017-06-07,1.472332
2017-06-08,3.399532,,2017-06-08,1.054000,,2017-06-08,1.307963,,2017-06-08,1.068000,,2017-06-08,1.472477
2017-06-09,3.409134,,2017-06-09,1.061000,,2017-06-09,1.313899,,2017-06-09,1.075000,,2017-06-09,1.472768
2017-06-12,3.413668,,2017-06-12,1.064000,,2017-06-12,1.310175,,2017-06-12,1.083000,,2017-06-12,1.473640
2017-06-13,3.433405,,2017-06-13,1.063000,,2017-06-13,1.324256,,2017-06-13,1.086000,,2017-06-13,1.474949
2017-06-14,3.410734,,2017-06-14,1.055000,,2017-06-14,1.311222,,2017-06-14,1.066000,,2017-06-14,1.476112
2017-06-15,3.414468,,2017-06-15,1.048000,,2017-06-15,1.310524,,2017-06-15,1.059000,,2017-06-15,1.477275
2017-06-16,3.409934,,2017-06-16,1.044000,,2017-06-16,1.311571,,2017-06-16,1.054000,,2017-06-16,1.478875
2017-06-19,3.432872,,2017-06-19,1.053000,,2017-06-19,1.324023,,2017-06-19,1.067000,,2017-06-19,1.481637
2017-06-20,3.421936,,2017-06-20,1.050000,,2017-06-20,1.325536,,2017-06-20,1.059000,,2017-06-20,1.483673
2017-06-21,3.445407,,2017-06-21,1.065000,,2017-06-21,1.347532,,2017-06-21,1.081000,,2017-06-21,1.485127
2017-06-22,3.433939,,2017-06-22,1.054000,,2017-06-22,1.342411,,2017-06-22,1.065000,,2017-06-22,1.485708
2017-06-23,3.453942,,2017-06-23,1.065000,,2017-06-23,1.364523,,2017-06-23,1.078000,,2017-06-23,1.486435
2017-06-26,3.493949,,2017-06-26,1.082000,,2017-06-26,1.380001,,2017-06-26,1.098000,,2017-06-26,1.488616
2017-06-27,3.495283,,2017-06-27,1.082000,,2017-06-27,1.385005,,2017-06-27,1.102000,,2017-06-27,1.489925
2017-06-28,3.471812,,2017-06-28,1.070000,,2017-06-28,1.364290,,2017-06-28,1.084000,,2017-06-28,1.490652
2017-06-29,3.487015,,2017-06-29,1.077000,,2017-06-29,1.373949,,2017-06-29,1.090000,,2017-06-29,1.491379
2017-06-30,3.494749,,2017-06-30,1.081000,,2017-06-30,1.379768,,2017-06-30,1.096000,,2017-06-30,1.491961
2017-07-03,3.489148,,2017-07-03,1.067000,,2017-07-03,1.370574,,2017-07-03,1.082000,,2017-07-03,1.492542
2017-07-04,3.456609,,2017-07-04,1.057000,,2017-07-04,1.359868,,2017-07-04,1.071000,,2017-07-04,1.492251
2017-07-05,3.495549,,2017-07-05,1.068000,,2017-07-05,1.381281,,2017-07-05,1.086000,,2017-07-05,1.492688
2017-07-06,3.498483,,2017-07-06,1.061000,,2017-07-06,1.383027,,2017-07-06,1.074000,,2017-07-06,1.493269
2017-07-07,3.489148,,2017-07-07,1.056000,,2017-07-07,1.380583,,2017-07-07,1.061000,,2017-07-07,1.493705
2017-07-10,3.494216,,2017-07-10,1.054000,,2017-07-10,1.371622,,2017-07-10,1.050000,,2017-07-10,1.494432
2017-07-11,3.491549,,2017-07-11,1.061000,,2017-07-11,1.376277,,2017-07-11,1.054000,,2017-07-11,1.494578
2017-07-12,3.477413,,2017-07-12,1.053000,,2017-07-12,1.372087,,2017-07-12,1.049000,,2017-07-12,1.495305
2017-07-13,3.493416,,2017-07-13,1.050000,,2017-07-13,1.372785,,2017-07-13,1.041000,,2017-07-13,1.496032
2017-07-14,3.497150,,2017-07-14,1.056000,,2017-07-14,1.376277,,2017-07-14,1.044000,,2017-07-14,1.496904
2017-07-17,3.459276,,2017-07-17,1.031000,,2017-07-17,1.363941,,2017-07-17,1.029000,,2017-07-17,1.498504
2017-07-18,3.474479,,2017-07-18,1.035000,,2017-07-18,1.361264,,2017-07-18,1.021000,,2017-07-18,1.497486
2017-07-19,3.508352,,2017-07-19,1.044000,,2017-07-19,1.387333,,2017-07-19,1.035000,,2017-07-19,1.497486
2017-07-20,3.523554,,2017-07-20,1.055000,,2017-07-20,1.402578,,2017-07-20,1.041000,,2017-07-20,1.497341
2017-07-21,3.502484,,2017-07-21,1.058000,,2017-07-21,1.396061,,2017-07-21,1.035000,,2017-07-21,1.496759
2017-07-24,3.509952,,2017-07-24,1.063000,,2017-07-24,1.396759,,2017-07-24,1.036000,,2017-07-24,1.497631
2017-07-25,3.499283,,2017-07-25,1.061000,,2017-07-25,1.389427,,2017-07-25,1.030000,,2017-07-25,1.497195
2017-07-26,3.473946,,2017-07-26,1.050000,,2017-07-26,1.382678,,2017-07-26,1.018000,,2017-07-26,1.497050
2017-07-27,3.494483,,2017-07-27,1.058000,,2017-07-27,1.373018,,2017-07-27,1.018000,,2017-07-27,1.497341
2017-07-28,3.512886,,2017-07-28,1.072000,,2017-07-28,1.389427,,2017-07-28,1.026000,,2017-07-28,1.497631
2017-07-31,3.535023,,2017-07-31,1.084000,,2017-07-31,1.400949,,2017-07-31,1.024000,,2017-07-31,1.498213
2017-08-01,3.570229,,2017-08-01,1.092000,,2017-08-01,1.399785,,2017-08-01,1.022000,,2017-08-01,1.498068
2017-08-02,3.555560,,2017-08-02,1.076000,,2017-08-02,1.396526,,2017-08-02,1.016000,,2017-08-02,1.498213
2017-08-03,3.533689,,2017-08-03,1.060000,,2017-08-03,1.389427,,2017-08-03,1.005000,,2017-08-03,1.497922
2017-08-04,3.515019,,2017-08-04,1.057000,,2017-08-04,1.382445,,2017-08-04,1.003000,,2017-08-04,1.498795
2017-08-07,3.539290,,2017-08-07,1.070000,,2017-08-07,1.395246,,2017-08-07,1.012000,,2017-08-07,1.498504
2017-08-08,3.551293,,2017-08-08,1.072000,,2017-08-08,1.388613,,2017-08-08,1.018000,,2017-08-08,1.498358
2017-08-09,3.573163,,2017-08-09,1.084000,,2017-08-09,1.392570,,2017-08-09,1.036000,,2017-08-09,1.498068
2017-08-10,3.569162,,2017-08-10,1.081000,,2017-08-10,1.380001,,2017-08-10,1.038000,,2017-08-10,1.498068
2017-08-11,3.523821,,2017-08-11,1.062000,,2017-08-11,1.352769,,2017-08-11,1.033000,,2017-08-11,1.497777
2017-08-14,3.563295,,2017-08-14,1.082000,,2017-08-14,1.382096,,2017-08-14,1.046000,,2017-08-14,1.499376
2017-08-15,3.574763,,2017-08-15,1.081000,,2017-08-15,1.389893,,2017-08-15,1.039000,,2017-08-15,1.499376
2017-08-16,3.576897,,2017-08-16,1.092000,,2017-08-16,1.383376,,2017-08-16,1.036000,,2017-08-16,1.499231
2017-08-17,3.564628,,2017-08-17,1.086000,,2017-08-17,1.382794,,2017-08-17,1.031000,,2017-08-17,1.499085
2017-08-18,3.580098,,2017-08-18,1.084000,,2017-08-18,1.377557,,2017-08-18,1.035000,,2017-08-18,1.499231
2017-08-21,3.585432,,2017-08-21,1.087000,,2017-08-21,1.388729,,2017-08-21,1.043000,,2017-08-21,1.499522
2017-08-22,3.588632,,2017-08-22,1.080000,,2017-08-22,1.391173,,2017-08-22,1.037000,,2017-08-22,1.499522
2017-08-23,3.579564,,2017-08-23,1.079000,,2017-08-23,1.386402,,2017-08-23,1.034000,,2017-08-23,1.499231
2017-08-24,3.563028,,2017-08-24,1.067000,,2017-08-24,1.383958,,2017-08-24,1.025000,,2017-08-24,1.498940
2017-08-25,3.597967,,2017-08-25,1.077000,,2017-08-25,1.399669,,2017-08-25,1.026000,,2017-08-25,1.499376
2017-08-28,3.632107,,2017-08-28,1.089000,,2017-08-28,1.411655,,2017-08-28,1.030000,,2017-08-28,1.499667
2017-08-29,3.631040,,2017-08-29,1.086000,,2017-08-29,1.411306,,2017-08-29,1.026000,,2017-08-29,1.498795
2017-08-30,3.639575,,2017-08-30,1.100000,,2017-08-30,1.426668,,2017-08-30,1.033000,,2017-08-30,1.497631
2017-08-31,3.635574,,2017-08-31,1.101000,,2017-08-31,1.425737,,2017-08-31,1.030000,,2017-08-31,1.497050
2017-09-01,3.645176,,2017-09-01,1.104000,,2017-09-01,1.438888,,2017-09-01,1.040000,,2017-09-01,1.497631
2017-09-04,3.645176,,2017-09-04,1.105000,,2017-09-04,1.437142,,2017-09-04,1.047000,,2017-09-04,1.498068
2017-09-05,3.664646,,2017-09-05,1.107000,,2017-09-05,1.446219,,2017-09-05,1.049000,,2017-09-05,1.498068
2017-09-06,3.658245,,2017-09-06,1.105000,,2017-09-06,1.445638,,2017-09-06,1.041000,,2017-09-06,1.498358
2017-09-07,3.635574,,2017-09-07,1.095000,,2017-09-07,1.434931,,2017-09-07,1.043000,,2017-09-07,1.498795
2017-09-08,3.623305,,2017-09-08,1.095000,,2017-09-08,1.435629,,2017-09-08,1.047000,,2017-09-08,1.499522
2017-09-11,3.620638,,2017-09-11,1.106000,,2017-09-11,1.442612,,2017-09-11,1.051000,,2017-09-11,1.501266
2017-09-12,3.632640,,2017-09-12,1.110000,,2017-09-12,1.452757,,2017-09-12,1.048000,,2017-09-12,1.501703
2017-09-13,3.634507,,2017-09-13,1.117000,,2017-09-13,1.459213,,2017-09-13,1.058000,,2017-09-13,1.501703
2017-09-14,3.611837,,2017-09-14,1.119000,,2017-09-14,1.448146,,2017-09-14,1.054000,,2017-09-14,1.501703
2017-09-15,3.599834,,2017-09-15,1.118000,,2017-09-15,1.446037,,2017-09-15,1.052000,,2017-09-15,1.501703
2017-09-18,3.626239,,2017-09-18,1.127000,,2017-09-18,1.462375,,2017-09-18,1.058000,,2017-09-18,1.502284
2017-09-19,3.619571,,2017-09-19,1.121000,,2017-09-19,1.450254,,2017-09-19,1.051000,,2017-09-19,1.502284
2017-09-20,3.624372,,2017-09-20,1.130000,,2017-09-20,1.459872,,2017-09-20,1.063000,,2017-09-20,1.502575
2017-09-21,3.634240,,2017-09-21,1.123000,,2017-09-21,1.452098,,2017-09-21,1.057000,,2017-09-21,1.502720
2017-09-22,3.634507,,2017-09-22,1.123000,,2017-09-22,1.450254,,2017-09-22,1.059000,,2017-09-22,1.502575
2017-09-25,3.638775,,2017-09-25,1.124000,,2017-09-25,1.448936,,2017-09-25,1.068000,,2017-09-25,1.502430
2017-09-26,3.630240,,2017-09-26,1.126000,,2017-09-26,1.450649,,2017-09-26,1.064000,,2017-09-26,1.501993
2017-09-27,3.635041,,2017-09-27,1.128000,,2017-09-27,1.460794,,2017-09-27,1.066000,,2017-09-27,1.502575
2017-09-28,3.648910,,2017-09-28,1.140000,,2017-09-28,1.469359,,2017-09-28,1.081000,,2017-09-28,1.502720
2017-09-29,3.664646,,2017-09-29,1.147000,,2017-09-29,1.484906,,2017-09-29,1.080000,,2017-09-29,1.503593
2017-10-09,3.691050,,2017-10-09,1.158000,,2017-10-09,1.502825,,2017-10-09,1.096000,,2017-10-09,1.505047
2017-10-10,3.700119,,2017-10-10,1.164000,,2017-10-10,1.505855,,2017-10-10,1.111000,,2017-10-10,1.505047
2017-10-11,3.709454,,2017-10-11,1.182000,,2017-10-11,1.511653,,2017-10-11,1.130000,,2017-10-11,1.505774
2017-10-12,3.731324,,2017-10-12,1.180000,,2017-10-12,1.512970,,2017-10-12,1.137000,,2017-10-12,1.505919
2017-10-13,3.752928,,2017-10-13,1.184000,,2017-10-13,1.513629,,2017-10-13,1.145000,,2017-10-13,1.506210
2017-10-16,3.741193,,2017-10-16,1.175000,,2017-10-16,1.508359,,2017-10-16,1.140000,,2017-10-16,1.506355
2017-10-17,3.751328,,2017-10-17,1.174000,,2017-10-17,1.518768,,2017-10-17,1.143000,,2017-10-17,1.505774
2017-10-18,3.786801,,2017-10-18,1.186000,,2017-10-18,1.531680,,2017-10-18,1.154000,,2017-10-18,1.505774
2017-10-19,3.805737,,2017-10-19,1.199000,,2017-10-19,1.529572,,2017-10-19,1.166000,,2017-10-19,1.505919
2017-10-20,3.793202,,2017-10-20,1.193000,,2017-10-20,1.523906,,2017-10-20,1.160000,,2017-10-20,1.506065
2017-10-23,3.810805,,2017-10-23,1.198000,,2017-10-23,1.529308,,2017-10-23,1.179000,,2017-10-23,1.505919
2017-10-24,3.815872,,2017-10-24,1.200000,,2017-10-24,1.528913,,2017-10-24,1.183000,,2017-10-24,1.506065
2017-10-25,3.831342,,2017-10-25,1.207000,,2017-10-25,1.537345,,2017-10-25,1.200000,,2017-10-25,1.505774
2017-10-26,3.854013,,2017-10-26,1.221000,,2017-10-26,1.543933,,2017-10-26,1.193000,,2017-10-26,1.505628
2017-10-27,3.888419,,2017-10-27,1.240000,,2017-10-27,1.563302,,2017-10-27,1.204000,,2017-10-27,1.505628
2017-10-30,3.884418,,2017-10-30,1.225000,,2017-10-30,1.563170,,2017-10-30,1.191000,,2017-10-30,1.505483
2017-10-31,3.894286,,2017-10-31,1.222000,,2017-10-31,1.567254,,2017-10-31,1.189000,,2017-10-31,1.505338
2017-11-01,3.889219,,2017-11-01,1.221000,,2017-11-01,1.555660,,2017-11-01,1.188000,,2017-11-01,1.505628
2017-11-02,3.883351,,2017-11-02,1.223000,,2017-11-02,1.553156,,2017-11-02,1.196000,,2017-11-02,1.505628
2017-11-03,3.875350,,2017-11-03,1.228000,,2017-11-03,1.552893,,2017-11-03,1.208000,,2017-11-03,1.505774
2017-11-06,3.902821,,2017-11-06,1.260000,,2017-11-06,1.585042,,2017-11-06,1.246000,,2017-11-06,1.506501
2017-11-07,3.927626,,2017-11-07,1.259000,,2017-11-07,1.588862,,2017-11-07,1.240000,,2017-11-07,1.507082
2017-11-08,3.896953,,2017-11-08,1.252000,,2017-11-08,1.584119,,2017-11-08,1.223000,,2017-11-08,1.507082
2017-11-09,3.936427,,2017-11-09,1.258000,,2017-11-09,1.599008,,2017-11-09,1.231000,,2017-11-09,1.508536
2017-11-10,4.022309,,2017-11-10,1.287000,,2017-11-10,1.634319,,2017-11-10,1.243000,,2017-11-10,1.508536
2017-11-13,4.035111,,2017-11-13,1.288000,,2017-11-13,1.632738,,2017-11-13,1.248000,,2017-11-13,1.508391
2017-11-14,4.005506,,2017-11-14,1.267000,,2017-11-14,1.609153,,2017-11-14,1.216000,,2017-11-14,1.507519
2017-11-15,3.972433,,2017-11-15,1.268000,,2017-11-15,1.592947,,2017-11-15,1.208000,,2017-11-15,1.506937
2017-11-16,4.055915,,2017-11-16,1.296000,,2017-11-16,1.625359,,2017-11-16,1.236000,,2017-11-16,1.507519
2017-11-17,4.022042,,2017-11-17,1.276000,,2017-11-17,1.602961,,2017-11-17,1.202000,,2017-11-17,1.508246
2017-11-20,4.055115,,2017-11-20,1.276000,,2017-11-20,1.637349,,2017-11-20,1.222000,,2017-11-20,1.508536
2017-11-21,4.082586,,2017-11-21,1.301000,,2017-11-21,1.664755,,2017-11-21,1.218000,,2017-11-21,1.508391
2017-11-22,4.037245,,2017-11-22,1.276000,,2017-11-22,1.646309,,2017-11-22,1.199000,,2017-11-22,1.507082
2017-11-23,3.906288,,2017-11-23,1.221000,,2017-11-23,1.577400,,2017-11-23,1.146000,,2017-11-23,1.505919
2017-11-24,3.896153,,2017-11-24,1.221000,,2017-11-24,1.563960,,2017-11-24,1.148000,,2017-11-24,1.506646
2017-11-27,3.836943,,2017-11-27,1.199000,,2017-11-27,1.543538,,2017-11-27,1.129000,,2017-11-27,1.508100
2017-11-28,3.872149,,2017-11-28,1.212000,,2017-11-28,1.561457,,2017-11-28,1.146000,,2017-11-28,1.507664
2017-11-29,3.856413,,2017-11-29,1.194000,,2017-11-29,1.561062,,2017-11-29,1.136000,,2017-11-29,1.507228
2017-11-30,3.827875,,2017-11-30,1.186000,,2017-11-30,1.535896,,2017-11-30,1.135000,,2017-11-30,1.507373
2017-12-01,3.847345,,2017-12-01,1.189000,,2017-12-01,1.537609,,2017-12-01,1.141000,,2017-12-01,1.507228
2017-12-04,3.866281,,2017-12-04,1.208000,,2017-12-04,1.554474,,2017-12-04,1.157000,,2017-12-04,1.508246
2017-12-05,3.854013,,2017-12-05,1.209000,,2017-12-05,1.543538,,2017-12-05,1.144000,,2017-12-05,1.509409
2017-12-06,3.863614,,2017-12-06,1.207000,,2017-12-06,1.536950,,2017-12-06,1.150000,,2017-12-06,1.509990
2017-12-07,3.819606,,2017-12-07,1.189000,,2017-12-07,1.514024,,2017-12-07,1.146000,,2017-12-07,1.510281
2017-12-08,3.869749,,2017-12-08,1.214000,,2017-12-08,1.540771,,2017-12-08,1.163000,,2017-12-08,1.510863
2017-12-11,3.938827,,2017-12-11,1.253000,,2017-12-11,1.580298,,2017-12-11,1.212000,,2017-12-11,1.511154
2017-12-12,3.899887,,2017-12-12,1.242000,,2017-12-12,1.562247,,2017-12-12,1.212000,,2017-12-12,1.511008
2017-12-13,3.932693,,2017-12-13,1.268000,,2017-12-13,1.577795,,2017-12-13,1.218000,,2017-12-13,1.510863
2017-12-14,3.907089,,2017-12-14,1.276000,,2017-12-14,1.573710,,2017-12-14,1.224000,,2017-12-14,1.510863
2017-12-15,3.879884,,2017-12-15,1.263000,,2017-12-15,1.554342,,2017-12-15,1.207000,,2017-12-15,1.511299
2017-12-18,3.882284,,2017-12-18,1.269000,,2017-12-18,1.548808,,2017-12-18,1.208000,,2017-12-18,1.511154
2017-12-19,3.948162,,2017-12-19,1.280000,,2017-12-19,1.563170,,2017-12-19,1.222000,,2017-12-19,1.511299
2017-12-20,3.955897,,2017-12-20,1.298000,,2017-12-20,1.558822,,2017-12-20,1.231000,,2017-12-20,1.511154
2017-12-21,3.984702,,2017-12-21,1.309000,,2017-12-21,1.580430,,2017-12-21,1.254000,,2017-12-21,1.511008
2017-12-22,3.961765,,2017-12-22,1.298000,,2017-12-22,1.578322,,2017-12-22,1.245000,,2017-12-22,1.511154
2017-12-25,3.921758,,2017-12-25,1.295000,,2017-12-25,1.567913,,2017-12-25,1.243000,,2017-12-25,1.511444
2017-12-26,3.942828,,2017-12-26,1.289000,,2017-12-26,1.559085,,2017-12-26,1.236000,,2017-12-26,1.511154
2017-12-27,3.867348,,2017-12-27,1.266000,,2017-12-27,1.528122,,2017-12-27,1.212000,,2017-12-27,1.510572
2017-12-28,3.896687,,2017-12-28,1.289000,,2017-12-28,1.543801,,2017-12-28,1.227000,,2017-12-28,1.510572
2017-12-29,3.900154,,2017-12-29,1.287000,,2017-12-29,1.553024,,2017-12-29,1.240000,,2017-12-29,1.511154
2018-01-02,3.940428,,2018-01-02,1.292000,,2018-01-02,1.566727,,2018-01-02,1.235000,,2018-01-02,1.513044
2018-01-03,3.943095,,2018-01-03,1.300000,,2018-01-03,1.574633,,2018-01-03,1.240000,,2018-01-03,1.514207
2018-01-04,3.953763,,2018-01-04,1.321000,,2018-01-04,1.597031,,2018-01-04,1.252000,,2018-01-04,1.514643
2018-01-05,3.954030,,2018-01-05,1.317000,,2018-01-05,1.598086,,2018-01-05,1.250000,,2018-01-05,1.515661
2018-01-08,3.940961,,2018-01-08,1.323000,,2018-01-08,1.604146,,2018-01-08,1.252000,,2018-01-08,1.516243
2018-01-09,3.989236,,2018-01-09,1.351000,,2018-01-09,1.618771,,2018-01-09,1.279000,,2018-01-09,1.516243
2018-01-10,3.978568,,2018-01-10,1.361000,,2018-01-10,1.623251,,2018-01-10,1.277000,,2018-01-10,1.516388
2018-01-11,3.978835,,2018-01-11,1.353000,,2018-01-11,1.612315,,2018-01-11,1.275000,,2018-01-11,1.516388
2018-01-12,4.006573,,2018-01-12,1.367000,,2018-01-12,1.621934,,2018-01-12,1.293000,,2018-01-12,1.516241
2018-01-15,3.998038,,2018-01-15,1.363000,,2018-01-15,1.617322,,2018-01-15,1.283000,,2018-01-15,1.516388
2018-01-16,3.997238,,2018-01-16,1.368000,,2018-01-16,1.633396,,2018-01-16,1.297000,,2018-01-16,1.516535
2018-01-17,3.976434,,2018-01-17,1.344000,,2018-01-17,1.613238,,2018-01-17,1.277000,,2018-01-17,1.516535
2018-01-18,3.966299,,2018-01-18,1.343000,,2018-01-18,1.615609,,2018-01-18,1.269000,,2018-01-18,1.516828
2018-01-19,3.959898,,2018-01-19,1.332000,,2018-01-19,1.607309,,2018-01-19,1.266000,,2018-01-19,1.517563
2018-01-22,3.995104,,2018-01-22,1.372000,,2018-01-22,1.647099,,2018-01-22,1.288000,,2018-01-22,1.519031
2018-01-23,4.015108,,2018-01-23,1.373000,,2018-01-23,1.663832,,2018-01-23,1.291000,,2018-01-23,1.519324
2018-01-24,4.005506,,2018-01-24,1.362000,,2018-01-24,1.664491,,2018-01-24,1.295000,,2018-01-24,1.520058
2018-01-25,3.972433,,2018-01-25,1.351000,,2018-01-25,1.658694,,2018-01-25,1.269000,,2018-01-25,1.519765
2018-01-26,3.991370,,2018-01-26,1.356000,,2018-01-26,1.663832,,2018-01-26,1.270000,,2018-01-26,1.518884
2018-01-29,3.896153,,2018-01-29,1.315000,,2018-01-29,1.633792,,2018-01-29,1.221000,,2018-01-29,1.514920
2018-01-30,3.879350,,2018-01-30,1.314000,,2018-01-30,1.626150,,2018-01-30,1.217000,,2018-01-30,1.514773
2018-01-31,3.877483,,2018-01-31,1.332000,,2018-01-31,1.639062,,2018-01-31,1.222000,,2018-01-31,1.513599
2018-02-01,3.835343,,2018-02-01,1.315000,,2018-02-01,1.640643,,2018-02-01,1.198000,,2018-02-01,1.512424
2018-02-02,3.867082,,2018-02-02,1.313000,,2018-02-02,1.658694,,2018-02-02,1.201000,,2018-02-02,1.514626
2018-02-05,3.845744,,2018-02-05,1.278000,,2018-02-05,1.633792,,2018-02-05,1.174000,,2018-02-05,1.515067
2018-02-06,3.736659,,2018-02-06,1.243000,,2018-02-06,1.580694,,2018-02-06,1.129000,,2018-02-06,1.514626
2018-02-07,3.700652,,2018-02-07,1.213000,,2018-02-07,1.534051,,2018-02-07,1.118000,,2018-02-07,1.514920
2018-02-08,3.686516,,2018-02-08,1.230000,,2018-02-08,1.532602,,2018-02-08,1.133000,,2018-02-08,1.515654
2018-02-09,3.560361,,2018-02-09,1.209000,,2018-02-09,1.485696,,2018-02-09,1.104000,,2018-02-09,1.514920
2018-02-12,3.625972,,2018-02-12,1.246000,,2018-02-12,1.526937,,2018-02-12,1.155000,,2018-02-12,1.516388
2018-02-13,3.677448,,2018-02-13,1.254000,,2018-02-13,1.542352,,2018-02-13,1.168000,,2018-02-13,1.516975
2018-02-14,3.711587,,2018-02-14,1.261000,,2018-02-14,1.556582,,2018-02-14,1.181000,,2018-02-14,1.517416
2018-02-22,3.786534,,2018-02-22,1.299000,,2018-02-22,1.592288,,2018-02-22,1.209000,,2018-02-22,1.519177
2018-02-23,3.791868,,2018-02-23,1.294000,,2018-02-23,1.588731,,2018-02-23,1.201000,,2018-02-23,1.519324
2018-02-26,3.864948,,2018-02-26,1.300000,,2018-02-26,1.613369,,2018-02-26,1.220000,,2018-02-26,1.520792
2018-02-27,3.840410,,2018-02-27,1.283000,,2018-02-27,1.592420,,2018-02-27,1.212000,,2018-02-27,1.521380
2018-02-28,3.809738,,2018-02-28,1.265000,,2018-02-28,1.583460,,2018-02-28,1.202000,,2018-02-28,1.521380
2018-03-01,3.847878,,2018-03-01,1.278000,,2018-03-01,1.601116,,2018-03-01,1.220000,,2018-03-01,1.521820
2018-03-02,3.807871,,2018-03-02,1.271000,,2018-03-02,1.589126,,2018-03-02,1.211000,,2018-03-02,1.521673
2018-03-05,3.829208,,2018-03-05,1.270000,,2018-03-05,1.588072,,2018-03-05,1.220000,,2018-03-05,1.521967
2018-03-06,3.880951,,2018-03-06,1.283000,,2018-03-06,1.598217,,2018-03-06,1.248000,,2018-03-06,1.522407
2018-03-07,3.843611,,2018-03-07,1.271000,,2018-03-07,1.584383,,2018-03-07,1.246000,,2018-03-07,1.522407
2018-03-08,3.888685,,2018-03-08,1.285000,,2018-03-08,1.601248,,2018-03-08,1.286000,,2018-03-08,1.522848
2018-03-09,3.917224,,2018-03-09,1.297000,,2018-03-09,1.616927,,2018-03-09,1.293000,,2018-03-09,1.523141
2018-03-12,3.950563,,2018-03-12,1.299000,,2018-03-12,1.632342,,2018-03-12,1.304000,,2018-03-12,1.524316
2018-03-13,3.905222,,2018-03-13,1.282000,,2018-03-13,1.617981,,2018-03-13,1.282000,,2018-03-13,1.524903
2018-03-14,3.871882,,2018-03-14,1.279000,,2018-03-14,1.609680,,2018-03-14,1.268000,,2018-03-14,1.524609
2018-03-15,3.883084,,2018-03-15,1.298000,,2018-03-15,1.625096,,2018-03-15,1.283000,,2018-03-15,1.524316
2018-03-16,3.859347,,2018-03-16,1.281000,,2018-03-16,1.604542,,2018-03-16,1.273000,,2018-03-16,1.524756
2018-03-19,3.898820,,2018-03-19,1.293000,,2018-03-19,1.614950,,2018-03-19,1.317000,,2018-03-19,1.525197
2018-03-20,3.906822,,2018-03-20,1.293000,,2018-03-20,1.622988,,2018-03-20,1.346000,,2018-03-20,1.525637
2018-03-21,3.881751,,2018-03-21,1.283000,,2018-03-21,1.606123,,2018-03-21,1.339000,,2018-03-21,1.525931
2018-03-22,3.843077,,2018-03-22,1.263000,,2018-03-22,1.586623,,2018-03-22,1.329000,,2018-03-22,1.526811
2018-03-23,3.744927,,2018-03-23,1.236000,,2018-03-23,1.544724,,2018-03-23,1.303000,,2018-03-23,1.528426
2018-03-26,3.755062,,2018-03-26,1.242000,,2018-03-26,1.565278,,2018-03-26,1.349000,,2018-03-26,1.529454
2018-03-27,3.783867,,2018-03-27,1.251000,,2018-03-27,1.591761,,2018-03-27,1.367000,,2018-03-27,1.529601
2018-03-28,3.729191,,2018-03-28,1.217000,,2018-03-28,1.553552,,2018-03-28,1.339000,,2018-03-28,1.530629
2018-03-29,3.754528,,2018-03-29,1.231000,,2018-03-29,1.562379,,2018-03-29,1.317000,,2018-03-29,1.530922
2018-03-30,3.781733,,2018-03-30,1.241000,,2018-03-30,1.585042,,2018-03-30,1.365000,,2018-03-30,1.531803
2018-04-02,3.779599,,2018-04-02,1.238000,,2018-04-02,1.575555,,2018-04-02,1.364000,,2018-04-02,1.532537
2018-04-03,3.772932,,2018-04-03,1.242000,,2018-04-03,1.571602,,2018-04-03,1.362000,,2018-04-03,1.533271
2018-04-04,3.749727,,2018-04-04,1.254000,,2018-04-04,1.562775,,2018-04-04,1.346000,,2018-04-04,1.534152
2018-04-09,3.757996,,2018-04-09,1.248000,,2018-04-09,1.554079,,2018-04-09,1.348000,,2018-04-09,1.537969
2018-04-10,3.791068,,2018-04-10,1.260000,,2018-04-10,1.571602,,2018-04-10,1.366000,,2018-04-10,1.537969
2018-04-11,3.801203,,2018-04-11,1.263000,,2018-04-11,1.575555,,2018-04-11,1.366000,,2018-04-11,1.538556
2018-04-12,3.786267,,2018-04-12,1.257000,,2018-04-12,1.567518,,2018-04-12,1.394000,,2018-04-12,1.539290
2018-04-13,3.753461,,2018-04-13,1.247000,,2018-04-13,1.555133,,2018-04-13,1.359000,,2018-04-13,1.539143
2018-04-16,3.732658,,2018-04-16,1.243000,,2018-04-16,1.558163,,2018-04-16,1.381000,,2018-04-16,1.540318
2018-04-17,3.691851,,2018-04-17,1.225000,,2018-04-17,1.524697,,2018-04-17,1.338000,,2018-04-17,1.541052
2018-04-18,3.658778,,2018-04-18,1.224000,,2018-04-18,1.533393,,2018-04-18,1.351000,,2018-04-18,1.548246
2018-04-19,3.668913,,2018-04-19,1.246000,,2018-04-19,1.551443,,2018-04-19,1.366000,,2018-04-19,1.548246
2018-04-20,3.646243,,2018-04-20,1.229000,,2018-04-20,1.534315,,2018-04-20,1.369000,,2018-04-20,1.547512
2018-04-23,3.635841,,2018-04-23,1.225000,,2018-04-23,1.523906,,2018-04-23,1.367000,,2018-04-23,1.545750
2018-04-24,3.678782,,2018-04-24,1.251000,,2018-04-24,1.554210,,2018-04-24,1.387000,,2018-04-24,1.546631
2018-04-25,3.707053,,2018-04-25,1.258000,,2018-04-25,1.563697,,2018-04-25,1.442000,,2018-04-25,1.546190
2018-04-26,3.657978,,2018-04-26,1.232000,,2018-04-26,1.531943,,2018-04-26,1.413000,,2018-04-26,1.545456
2018-04-27,3.667313,,2018-04-27,1.237000,,2018-04-27,1.540771,,2018-04-27,1.453000,,2018-04-27,1.545309
2018-05-02,3.680915,,2018-05-02,1.262000,,2018-05-02,1.543143,,2018-05-02,1.462000,,2018-05-02,1.545897
2018-05-03,3.690250,,2018-05-03,1.281000,,2018-05-03,1.558427,,2018-05-03,1.452000,,2018-05-03,1.546190
2018-05-04,3.703053,,2018-05-04,1.293000,,2018-05-04,1.560008,,2018-05-04,1.480000,,2018-05-04,1.546484
2018-05-07,3.755862,,2018-05-07,1.334000,,2018-05-07,1.591761,,2018-05-07,1.511000,,2018-05-07,1.546924
2018-05-08,3.764130,,2018-05-08,1.337000,,2018-05-08,1.601906,,2018-05-08,1.493000,,2018-05-08,1.546777
2018-05-09,3.760396,,2018-05-09,1.333000,,2018-05-09,1.603751,,2018-05-09,1.495000,,2018-05-09,1.546337
2018-05-10,3.787334,,2018-05-10,1.352000,,2018-05-10,1.617981,,2018-05-10,1.542000,,2018-05-10,1.546043
2018-05-11,3.757729,,2018-05-11,1.336000,,2018-05-11,1.591366,,2018-05-11,1.492000,,2018-05-11,1.545456
2018-05-14,3.774799,,2018-05-14,1.352000,,2018-05-14,1.599271,,2018-05-14,1.492000,,2018-05-14,1.545897
2018-05-15,3.804137,,2018-05-15,1.372000,,2018-05-15,1.618771,,2018-05-15,1.535000,,2018-05-15,1.545603
2018-05-16,3.790268,,2018-05-16,1.379000,,2018-05-16,1.610339,,2018-05-16,1.548000,,2018-05-16,1.545309
2018-05-17,3.752928,,2018-05-17,1.351000,,2018-05-17,1.588994,,2018-05-17,1.520000,,2018-05-17,1.545016
2018-05-18,3.764397,,2018-05-18,1.357000,,2018-05-18,1.601775,,2018-05-18,1.527000,,2018-05-18,1.545163
2018-05-21,3.782000,,2018-05-21,1.362000,,2018-05-21,1.616663,,2018-05-21,1.526000,,2018-05-21,1.545897
2018-05-22,3.809738,,2018-05-22,1.371000,,2018-05-22,1.623646,,2018-05-22,1.560000,,2018-05-22,1.546043
2018-05-23,3.802270,,2018-05-23,1.357000,,2018-05-23,1.611657,,2018-05-23,1.557000,,2018-05-23,1.546484
2018-05-24,3.798536,,2018-05-24,1.346000,,2018-05-24,1.608363,,2018-05-24,1.569000,,2018-05-24,1.546631
2018-05-25,3.799336,,2018-05-25,1.347000,,2018-05-25,1.602697,,2018-05-25,1.597000,,2018-05-25,1.547071
2018-05-28,3.804937,,2018-05-28,1.383000,,2018-05-28,1.612052,,2018-05-28,1.614000,,2018-05-28,1.547805
2018-05-29,3.768131,,2018-05-29,1.369000,,2018-05-29,1.579244,,2018-05-29,1.531000,,2018-05-29,1.547952
2018-05-30,3.728390,,2018-05-30,1.363000,,2018-05-30,1.561457,,2018-05-30,1.522000,,2018-05-30,1.547658
2018-05-31,3.776132,,2018-05-31,1.398000,,2018-05-31,1.596636,,2018-05-31,1.566000,,2018-05-31,1.547512
2018-06-01,3.712921,,2018-06-01,1.371000,,2018-06-01,1.563302,,2018-06-01,1.492000,,2018-06-01,1.547512
2018-06-04,3.726523,,2018-06-04,1.394000,,2018-06-04,1.573579,,2018-06-04,1.495000,,2018-06-04,1.547512
2018-06-05,3.768664,,2018-06-05,1.410000,,2018-06-05,1.602170,,2018-06-05,1.551000,,2018-06-05,1.547071
2018-06-06,3.804671,,2018-06-06,1.412000,,2018-06-06,1.604278,,2018-06-06,1.584000,,2018-06-06,1.547365
2018-06-07,3.794802,,2018-06-07,1.392000,,2018-06-07,1.593606,,2018-06-07,1.563000,,2018-06-07,1.546924
2018-06-08,3.782800,,2018-06-08,1.378000,,2018-06-08,1.584646,,2018-06-08,1.564000,,2018-06-08,1.547071
2018-06-11,3.754528,,2018-06-11,1.369000,,2018-06-11,1.582406,,2018-06-11,1.513000,,2018-06-11,1.547512
2018-06-12,3.806537,,2018-06-12,1.403000,,2018-06-12,1.601643,,2018-06-12,1.551000,,2018-06-12,1.547218
2018-06-13,3.788401,,2018-06-13,1.387000,,2018-06-13,1.582406,,2018-06-13,1.529000,,2018-06-13,1.547071
2018-06-14,3.772131,,2018-06-14,1.375000,,2018-06-14,1.567650,,2018-06-14,1.515000,,2018-06-14,1.547218
2018-06-15,3.747060,,2018-06-15,1.363000,,2018-06-15,1.553420,,2018-06-15,1.490000,,2018-06-15,1.547365
2018-06-19,3.662245,,2018-06-19,1.315000,,2018-06-19,1.506514,,2018-06-19,1.461570,,2018-06-19,1.547512
2018-06-20,3.692384,,2018-06-20,1.334000,,2018-06-20,1.525882,,2018-06-20,1.519485,,2018-06-20,1.547512
2018-06-21,3.660645,,2018-06-21,1.324000,,2018-06-21,1.507173,,2018-06-21,1.519485,,2018-06-21,1.547805
2018-06-22,3.662779,,2018-06-22,1.333000,,2018-06-22,1.523379,,2018-06-22,1.532121,,2018-06-22,1.548686
2018-06-25,3.627821,,2018-06-25,1.338000,,2018-06-25,1.499794,,2018-06-25,1.543704,,2018-06-25,1.549273
2018-06-26,3.610342,,2018-06-26,1.338000,,2018-06-26,1.503822,,2018-06-26,1.538439,,2018-06-26,1.549273
2018-06-27,3.541362,,2018-06-27,1.302000,,2018-06-27,1.469244,,2018-06-27,1.482630,,2018-06-27,1.549273
2018-06-28,3.522323,,2018-06-28,1.278000,,2018-06-28,1.453690,,2018-06-28,1.466835,,2018-06-28,1.549860
2018-06-29,3.628133,,2018-06-29,1.318000,,2018-06-29,1.512432,,2018-06-29,1.534227,,2018-06-29,1.551916
2018-07-02,3.607845,,2018-07-02,1.298000,,2018-07-02,1.487574,,2018-07-02,1.551075,,2018-07-02,1.553531
2018-07-03,3.609718,,2018-07-03,1.279000,,2018-07-03,1.490907,,2018-07-03,1.530015,,2018-07-03,1.554558
2018-07-04,3.584123,,2018-07-04,1.261000,,2018-07-04,1.456745,,2018-07-04,1.501584,,2018-07-04,1.555146
2018-07-05,3.525132,,2018-07-05,1.246000,,2018-07-05,1.438831,,2018-07-05,1.462623,,2018-07-05,1.557348
2018-07-06,3.534184,,2018-07-06,1.250000,,2018-07-06,1.445080,,2018-07-06,1.462623,,2018-07-06,1.557495
2018-07-09,3.622827,,2018-07-09,1.282000,,2018-07-09,1.492018,,2018-07-09,1.518432,,2018-07-09,1.557935
2018-07-10,3.636560,,2018-07-10,1.287000,,2018-07-10,1.493546,,2018-07-10,1.531068,,2018-07-10,1.557348
2018-07-11,3.614712,,2018-07-11,1.269000,,2018-07-11,1.474798,,2018-07-11,1.536333,,2018-07-11,1.557644
2018-07-12,3.707100,,2018-07-12,1.297000,,2018-07-12,1.514932,,2018-07-12,1.586877,,2018-07-12,1.558236
2018-07-13,3.724267,,2018-07-13,1.321000,,2018-07-13,1.529096,,2018-07-13,1.616361,,2018-07-13,1.558680
2018-07-16,3.723643,,2018-07-16,1.326000,,2018-07-16,1.531735,,2018-07-16,1.634262,,2018-07-16,1.559865
2018-07-17,3.723019,,2018-07-17,1.314000,,2018-07-17,1.523125,,2018-07-17,1.614255,,2018-07-17,1.559717
2018-07-18,3.710222,,2018-07-18,1.305000,,2018-07-18,1.513960,,2018-07-18,1.615308,,2018-07-18,1.560457
2018-07-19,3.678073,,2018-07-19,1.294000,,2018-07-19,1.495351,,2018-07-19,1.559499,,2018-07-19,1.563123
2018-07-20,3.700858,,2018-07-20,1.292000,,2018-07-20,1.510627,,2018-07-20,1.555287,,2018-07-20,1.564159
2018-07-23,3.624700,,2018-07-23,1.270000,,2018-07-23,1.491046,,2018-07-23,1.442615,,2018-07-23,1.565788
2018-07-24,3.634063,,2018-07-24,1.290000,,2018-07-24,1.498962,,2018-07-24,1.436297,,2018-07-24,1.565936
2018-07-25,3.669958,,2018-07-25,1.291000,,2018-07-25,1.506322,,2018-07-25,1.475259,,2018-07-25,1.566677
2018-07-26,3.616897,,2018-07-26,1.276000,,2018-07-26,1.484241,,2018-07-26,1.458411,,2018-07-26,1.567417
2018-07-27,3.608781,,2018-07-27,1.279000,,2018-07-27,1.469382,,2018-07-27,1.437350,,2018-07-27,1.569490
2018-07-30,3.549166,,2018-07-30,1.253000,,2018-07-30,1.452857,,2018-07-30,1.381541,,2018-07-30,1.571119
2018-07-31,3.554472,,2018-07-31,1.266000,,2018-07-31,1.449524,,2018-07-31,1.392071,,2018-07-31,1.573636
2018-08-01,3.520138,,2018-08-01,1.260000,,2018-08-01,1.430082,,2018-08-01,1.363640,,2018-08-01,1.575117
2018-08-02,3.510150,,2018-08-02,1.239000,,2018-08-02,1.411335,,2018-08-02,1.373117,,2018-08-02,1.576598
2018-08-03,3.434616,,2018-08-03,1.209000,,2018-08-03,1.373007,,2018-08-03,1.324679,,2018-08-03,1.578227
2018-08-06,3.368758,,2018-08-06,1.167000,,2018-08-06,1.339539,,2018-08-06,1.258340,,2018-08-06,1.579856
2018-08-07,3.445540,,2018-08-07,1.199000,,2018-08-07,1.379672,,2018-08-07,1.297301,,2018-08-07,1.582077
2018-08-08,3.386861,,2018-08-08,1.163000,,2018-08-08,1.351482,,2018-08-08,1.269923,,2018-08-08,1.581188
2018-08-09,3.474568,,2018-08-09,1.201000,,2018-08-09,1.395642,,2018-08-09,1.328891,,2018-08-09,1.579856
2018-08-10,3.493920,,2018-08-10,1.208000,,2018-08-10,1.410779,,2018-08-10,1.365746,,2018-08-10,1.578227
2018-08-13,3.520450,,2018-08-13,1.208000,,2018-08-13,1.422861,,2018-08-13,1.392071,,2018-08-13,1.576894
2018-08-14,3.499538,,2018-08-14,1.204000,,2018-08-14,1.410502,,2018-08-14,1.386806,,2018-08-14,1.576746
2018-08-15,3.434616,,2018-08-15,1.182000,,2018-08-15,1.381061,,2018-08-15,1.333103,,2018-08-15,1.577042
2018-08-16,3.427125,,2018-08-16,1.160000,,2018-08-16,1.368979,,2018-08-16,1.335209,,2018-08-16,1.576450
2018-08-17,3.357521,,2018-08-17,1.144000,,2018-08-17,1.343289,,2018-08-17,1.272029,,2018-08-17,1.574673
2018-08-20,3.355024,,2018-08-20,1.145000,,2018-08-20,1.343011,,2018-08-20,1.249916,,2018-08-20,1.573933
2018-08-21,3.427437,,2018-08-21,1.193000,,2018-08-21,1.377451,,2018-08-21,1.321520,,2018-08-21,1.573784
2018-08-22,3.414640,,2018-08-22,1.181000,,2018-08-22,1.367869,,2018-08-22,1.321520,,2018-08-22,1.574229
2018-08-23,3.456465,,2018-08-23,1.187000,,2018-08-23,1.379534,,2018-08-23,1.338368,,2018-08-23,1.575858
2018-08-24,3.468013,,2018-08-24,1.183000,,2018-08-24,1.381756,,2018-08-24,1.348898,,2018-08-24,1.576598
2018-08-27,3.543547,,2018-08-27,1.221000,,2018-08-27,1.421889,,2018-08-27,1.393124,,2018-08-27,1.577190
2018-08-28,3.536368,,2018-08-28,1.217000,,2018-08-28,1.417445,,2018-08-28,1.383647,,2018-08-28,1.577042
2018-08-29,3.520762,,2018-08-29,1.206000,,2018-08-29,1.407863,,2018-08-29,1.368905,,2018-08-29,1.576746
2018-08-30,3.496417,,2018-08-30,1.192000,,2018-08-30,1.392448,,2018-08-30,1.352057,,2018-08-30,1.576894
2018-08-31,3.462083,,2018-08-31,1.185000,,2018-08-31,1.378839,,2018-08-31,1.318361,,2018-08-31,1.577338
2018-09-03,3.465516,,2018-09-03,1.182000,,2018-09-03,1.383283,,2018-09-03,1.313096,,2018-09-03,1.577486
2018-09-04,3.488926,,2018-09-04,1.189000,,2018-09-04,1.405502,,2018-09-04,1.314149,,2018-09-04,1.578227
2018-09-05,3.449910,,2018-09-05,1.156000,,2018-09-05,1.378839,,2018-09-05,1.294142,,2018-09-05,1.578375
2018-09-06,3.425876,,2018-09-06,1.137000,,2018-09-06,1.363564,,2018-09-06,1.281506,,2018-09-06,1.578523
2018-09-07,3.447725,,2018-09-07,1.159000,,2018-09-07,1.366202,,2018-09-07,1.313096,,2018-09-07,1.578523
2018-09-10,3.387797,,2018-09-10,1.136000,,2018-09-10,1.338845,,2018-09-10,1.287824,,2018-09-10,1.578227
2018-09-11,3.404964,,2018-09-11,1.136000,,2018-09-11,1.338845,,2018-09-11,1.298354,,2018-09-11,1.577635
2018-09-12,3.367509,,2018-09-12,1.117000,,2018-09-12,1.321208,,2018-09-12,1.250969,,2018-09-12,1.577338
2018-09-13,3.375000,,2018-09-13,1.119000,,2018-09-13,1.328568,,2018-09-13,1.232015,,2018-09-13,1.578227
2018-09-14,3.357521,,2018-09-14,1.116000,,2018-09-14,1.316348,,2018-09-14,1.213061,,2018-09-14,1.578671
2018-09-17,3.319130,,2018-09-17,1.103000,,2018-09-17,1.298850,,2018-09-17,1.193054,,2018-09-17,1.579411
2018-09-18,3.355648,,2018-09-18,1.133000,,2018-09-18,1.323152,,2018-09-18,1.225697,,2018-09-18,1.580448
2018-09-19,3.375000,,2018-09-19,1.167000,,2018-09-19,1.345649,,2018-09-19,1.243598,,2018-09-19,1.580300
2018-09-20,3.362914,,2018-09-20,1.160000,,2018-09-20,1.339678,,2018-09-20,1.236227,,2018-09-20,1.579856
2018-09-21,3.416630,,2018-09-21,1.192000,,2018-09-21,1.369952,,2018-09-21,1.266764,,2018-09-21,1.580892
2018-09-25,3.418644,,2018-09-25,1.188000,,2018-09-25,1.367730,,2018-09-25,1.274135,,2018-09-25,1.581485
2018-09-26,3.445502,,2018-09-26,1.207000,,2018-09-26,1.382311,,2018-09-26,1.301513,,2018-09-26,1.581929
2018-09-27,3.436101,,2018-09-27,1.200000,,2018-09-27,1.372868,,2018-09-27,1.309937,,2018-09-27,1.582817
2018-09-28,3.454566,,2018-09-28,1.219000,,2018-09-28,1.383977,,2018-09-28,1.327838,,2018-09-28,1.583706
2018-10-08,3.338071,,2018-10-08,1.165000,,2018-10-08,1.326902,,2018-10-08,1.258340,,2018-10-08,1.585779
2018-10-09,3.326656,,2018-10-09,1.163000,,2018-10-09,1.324263,,2018-10-09,1.242545,,2018-10-09,1.586371
2018-10-10,3.307856,,2018-10-10,1.153000,,2018-10-10,1.323847,,2018-10-10,1.215167,,2018-10-10,1.587408
2018-10-11,3.161482,,2018-10-11,1.103000,,2018-10-11,1.264549,,2018-10-11,1.150933,,2018-10-11,1.587408
2018-10-12,3.199083,,2018-10-12,1.122000,,2018-10-12,1.287463,,2018-10-12,1.157251,,2018-10-12,1.588740
2018-10-15,3.183975,,2018-10-15,1.106000,,2018-10-15,1.274826,,2018-10-15,1.144615,,2018-10-15,1.589185
2018-10-16,3.145367,,2018-10-16,1.098000,,2018-10-16,1.256356,,2018-10-16,1.125661,,2018-10-16,1.589481
2018-10-17,3.155775,,2018-10-17,1.081000,,2018-10-17,1.255384,,2018-10-17,1.110919,,2018-10-17,1.589925
2018-10-18,3.069159,,2018-10-18,1.061000,,2018-10-18,1.227749,,2018-10-18,1.061428,,2018-10-18,1.590227
2018-10-19,3.169203,,2018-10-19,1.095000,,2018-10-19,1.264827,,2018-10-19,1.116184,,2018-10-19,1.590529
2018-10-22,3.289391,,2018-10-22,1.159000,,2018-10-22,1.320375,,2018-10-22,1.179364,,2018-10-22,1.591434
2018-10-23,3.243062,,2018-10-23,1.122000,,2018-10-23,1.289268,,2018-10-23,1.153039,,2018-10-23,1.591736
2018-10-24,3.214861,,2018-10-24,1.107000,,2018-10-24,1.280936,,2018-10-24,1.123555,,2018-10-24,1.592339
2018-10-25,3.223254,,2018-10-25,1.106000,,2018-10-25,1.277464,,2018-10-25,1.109866,,2018-10-25,1.592641
2018-10-26,3.180954,,2018-10-26,1.088000,,2018-10-26,1.262744,,2018-10-26,1.088806,,2018-10-26,1.593094
2018-10-29,3.141674,,2018-10-29,1.039000,,2018-10-29,1.228443,,2018-10-29,1.064587,,2018-10-29,1.594150
2018-10-30,3.170882,,2018-10-30,1.056000,,2018-10-30,1.242469,,2018-10-30,1.081435,,2018-10-30,1.595508
2018-10-31,3.197068,,2018-10-31,1.082000,,2018-10-31,1.264133,,2018-10-31,1.116184,,2018-10-31,1.596112
2018-11-01,3.214526,,2018-11-01,1.087000,,2018-11-01,1.273437,,2018-11-01,1.123555,,2018-11-01,1.597470
2018-11-02,3.313228,,2018-11-02,1.140000,,2018-11-02,1.319125,,2018-11-02,1.187789,,2018-11-02,1.597620
2018-11-05,3.299799,,2018-11-05,1.125000,,2018-11-05,1.304544,,2018-11-05,1.173046,,2018-11-05,1.598526
2018-11-06,3.311885,,2018-11-06,1.118000,,2018-11-06,1.297461,,2018-11-06,1.181470,,2018-11-06,1.598978
2018-11-07,3.317928,,2018-11-07,1.125000,,2018-11-07,1.295101,,2018-11-07,1.177258,,2018-11-07,1.599884
2018-11-08,3.317256,,2018-11-08,1.119000,,2018-11-08,1.289546,,2018-11-08,1.179364,,2018-11-08,1.600940
2018-11-09,3.286706,,2018-11-09,1.115000,,2018-11-09,1.280519,,2018-11-09,1.166728,,2018-11-09,1.601695
2018-11-12,3.337399,,2018-11-12,1.132000,,2018-11-12,1.298850,,2018-11-12,1.188842,,2018-11-12,1.603203
2018-11-13,3.371307,,2018-11-13,1.150000,,2018-11-13,1.314681,,2018-11-13,1.207796,,2018-11-13,1.604109
2018-11-14,3.354521,,2018-11-14,1.137000,,2018-11-14,1.300378,,2018-11-14,1.196213,,2018-11-14,1.606372
2018-11-15,3.388429,,2018-11-15,1.147000,,2018-11-15,1.310932,,2018-11-15,1.207796,,2018-11-15,1.607730
2018-11-16,3.397158,,2018-11-16,1.150000,,2018-11-16,1.315931,,2018-11-16,1.183576,,2018-11-16,1.610295
2018-11-19,3.405215,,2018-11-19,1.149000,,2018-11-19,1.317736,,2018-11-19,1.183576,,2018-11-19,1.611804
2018-11-20,3.330349,,2018-11-20,1.132000,,2018-11-20,1.292601,,2018-11-20,1.164622,,2018-11-20,1.612106
2018-11-21,3.361236,,2018-11-21,1.128000,,2018-11-21,1.291768,,2018-11-21,1.188842,,2018-11-21,1.612106
2018-11-22,3.351164,,2018-11-22,1.127000,,2018-11-22,1.288990,,2018-11-22,1.185683,,2018-11-22,1.613011
2018-11-23,3.298456,,2018-11-23,1.104000,,2018-11-23,1.267049,,2018-11-23,1.160410,,2018-11-23,1.612860
2018-11-26,3.287713,,2018-11-26,1.099000,,2018-11-26,1.259689,,2018-11-26,1.158304,,2018-11-26,1.613313
2018-11-27,3.302820,,2018-11-27,1.104000,,2018-11-27,1.258578,,2018-11-27,1.157251,,2018-11-27,1.613766
2018-11-28,3.323635,,2018-11-28,1.115000,,2018-11-28,1.274965,,2018-11-28,1.170940,,2018-11-28,1.615275
2018-11-29,3.284356,,2018-11-29,1.106000,,2018-11-29,1.257328,,2018-11-29,1.157251,,2018-11-29,1.615425
2018-11-30,3.308528,,2018-11-30,1.115000,,2018-11-30,1.269271,,2018-11-30,1.170940,,2018-11-30,1.616029
2018-12-03,3.398501,,2018-12-03,1.139000,,2018-12-03,1.305516,,2018-12-03,1.212008,,2018-12-03,1.617387
2018-12-04,3.408908,,2018-12-04,1.145000,,2018-12-04,1.310238,,2018-12-04,1.229909,,2018-12-04,1.618745
2018-12-05,3.410251,,2018-12-05,1.148000,,2018-12-05,1.312598,,2018-12-05,1.244651,,2018-12-05,1.620405
2018-12-06,3.312556,,2018-12-06,1.118000,,2018-12-06,1.284269,,2018-12-06,1.192001,,2018-12-06,1.620707
2018-12-07,3.298120,,2018-12-07,1.122000,,2018-12-07,1.280519,,2018-12-07,1.149880,,2018-12-07,1.621612
2018-12-10,3.269248,,2018-12-10,1.113000,,2018-12-10,1.274548,,2018-12-10,1.131979,,2018-12-10,1.622819
2018-12-11,3.288049,,2018-12-11,1.123000,,2018-12-11,1.286491,,2018-12-11,1.147774,,2018-12-11,1.623574
2018-12-12,3.274955,,2018-12-12,1.126000,,2018-12-12,1.279825,,2018-12-12,1.128820,,2018-12-12,1.624328
2018-12-13,3.309870,,2018-12-13,1.142000,,2018-12-13,1.295795,,2018-12-13,1.145668,,2018-12-13,1.622517
2018-12-14,3.245076,,2018-12-14,1.115000,,2018-12-14,1.270660,,2018-12-14,1.109866,,2018-12-14,1.621159
2018-12-17,3.216204,,2018-12-17,1.091000,,2018-12-17,1.253023,,2018-12-17,1.088806,,2018-12-17,1.620707
2018-12-18,3.201433,,2018-12-18,1.087000,,2018-12-18,1.248440,,2018-12-18,1.083541,,2018-12-18,1.620405
2018-12-19,3.162825,,2018-12-19,1.060000,,2018-12-19,1.227471,,2018-12-19,1.049845,,2018-12-19,1.620707
2018-12-20,3.165846,,2018-12-20,1.063000,,2018-12-20,1.222055,,2018-12-20,1.038262,,2018-12-20,1.620858
2018-12-21,3.139660,,2018-12-21,1.058000,,2018-12-21,1.215945,,2018-12-21,1.019308,,2018-12-21,1.621159
2018-12-24,3.196061,,2018-12-24,1.069000,,2018-12-24,1.227332,,2018-12-24,1.042474,,2018-12-24,1.622065
2018-12-25,3.205797,,2018-12-25,1.069000,,2018-12-25,1.227610,,2018-12-25,1.050898,,2018-12-25,1.622216
2018-12-26,3.191025,,2018-12-26,1.066000,,2018-12-26,1.221639,,2018-12-26,1.043527,,2018-12-26,1.622065
2018-12-27,3.175582,,2018-12-27,1.053000,,2018-12-27,1.215667,,2018-12-27,1.037209,,2018-12-27,1.622819
2018-12-28,3.185654,,2018-12-28,1.063000,,2018-12-28,1.223027,,2018-12-28,1.041421,,2018-12-28,1.624932
2019-01-02,3.136974,,2019-01-02,1.057000,,2019-01-02,1.201641,,2019-01-02,1.005619,,2019-01-02,1.627044
2019-01-03,3.108774,,2019-01-03,1.042000,,2019-01-03,1.184699,,2019-01-03,0.992983,,2019-01-03,1.631571
2019-01-04,3.167525,,2019-01-04,1.066000,,2019-01-04,1.202474,,2019-01-04,1.017202,,2019-01-04,1.633683
2019-01-07,3.209826,,2019-01-07,1.091000,,2019-01-07,1.222611,,2019-01-07,1.021414,,2019-01-07,1.636248
2019-01-08,3.213183,,2019-01-08,1.093000,,2019-01-08,1.220250,,2019-01-08,1.022467,,2019-01-08,1.638361
2019-01-09,3.220904,,2019-01-09,1.101000,,2019-01-09,1.225249,,2019-01-09,1.027732,,2019-01-09,1.638059
2019-01-10,3.207476,,2019-01-10,1.096000,,2019-01-10,1.223583,,2019-01-10,1.021414,,2019-01-10,1.640046
2019-01-11,3.230305,,2019-01-11,1.104000,,2019-01-11,1.223722,,2019-01-11,1.022467,,2019-01-11,1.640963
2019-01-14,3.204454,,2019-01-14,1.094000,,2019-01-14,1.214834,,2019-01-14,1.008778,,2019-01-14,1.641728
2019-01-15,3.246755,,2019-01-15,1.113000,,2019-01-15,1.232193,,2019-01-15,1.024573,,2019-01-15,1.641575
2019-01-16,3.265220,,2019-01-16,1.115000,,2019-01-16,1.235526,,2019-01-16,1.039315,,2019-01-16,1.641575
2019-01-17,3.247091,,2019-01-17,1.112000,,2019-01-17,1.229415,,2019-01-17,1.031944,,2019-01-17,1.643103
2019-01-18,3.306177,,2019-01-18,1.128000,,2019-01-18,1.241914,,2019-01-18,1.055110,,2019-01-18,1.643868
2019-01-21,3.325314,,2019-01-21,1.127000,,2019-01-21,1.252468,,2019-01-21,1.068799,,2019-01-21,1.644479
2019-01-22,3.290734,,2019-01-22,1.111000,,2019-01-22,1.237609,,2019-01-22,1.050898,,2019-01-22,1.644173
2019-01-23,3.300806,,2019-01-23,1.124000,,2019-01-23,1.245246,,2019-01-23,1.053004,,2019-01-23,1.644479
2019-01-24,3.322628,,2019-01-24,1.122000,,2019-01-24,1.252329,,2019-01-24,1.054057,,2019-01-24,1.644021
2019-01-25,3.338071,,2019-01-25,1.131000,,2019-01-25,1.257467,,2019-01-25,1.064587,,2019-01-25,1.643868
2019-01-28,3.338071,,2019-01-28,1.131000,,2019-01-28,1.266216,,2019-01-28,1.064587,,2019-01-28,1.644021
2019-01-29,3.340085,,2019-01-29,1.135000,,2019-01-29,1.266355,,2019-01-29,1.062481,,2019-01-29,1.643868
2019-01-30,3.300806,,2019-01-30,1.114000,,2019-01-30,1.249829,,2019-01-30,1.049845,,2019-01-30,1.644173
2019-01-31,3.328671,,2019-01-31,1.107000,,2019-01-31,1.251079,,2019-01-31,1.057216,,2019-01-31,1.645091
2019-02-01,3.378693,,2019-02-01,1.126000,,2019-02-01,1.279408,,2019-02-01,1.089859,,2019-02-01,1.646466
2019-02-11,3.454566,,2019-02-11,1.171000,,2019-02-11,1.311071,,2019-02-11,1.109866,,2019-02-11,1.648301
2019-02-12,3.473702,,2019-02-12,1.181000,,2019-02-12,1.311348,,2019-02-12,1.120396,,2019-02-12,1.649829
2019-02-13,3.517010,,2019-02-13,1.192000,,2019-02-13,1.332457,,2019-02-13,1.136191,,2019-02-13,1.650746
2019-02-14,3.520367,,2019-02-14,1.203000,,2019-02-14,1.336484,,2019-02-14,1.139350,,2019-02-14,1.651511
2019-02-15,3.507610,,2019-02-15,1.200000,,2019-02-15,1.320236,,2019-02-15,1.128820,,2019-02-15,1.652734
2019-02-18,3.627798,,2019-02-18,1.239000,,2019-02-18,1.358981,,2019-02-18,1.179364,,2019-02-18,1.653804
2019-02-19,3.609333,,2019-02-19,1.235000,,2019-02-19,1.352871,,2019-02-19,1.164622,,2019-02-19,1.653651
2019-02-20,3.627798,,2019-02-20,1.244000,,2019-02-20,1.354259,,2019-02-20,1.151986,,2019-02-20,1.654262
2019-02-21,3.646934,,2019-02-21,1.242000,,2019-02-21,1.352176,,2019-02-21,1.148827,,2019-02-21,1.654262
2019-02-22,3.737579,,2019-02-22,1.263000,,2019-02-22,1.391060,,2019-02-22,1.164622,,2019-02-22,1.654415
2019-02-25,3.870524,,2019-02-25,1.298000,,2019-02-25,1.454662,,2019-02-25,1.205690,,2019-02-25,1.655638
2019-02-26,3.859781,,2019-02-26,1.297000,,2019-02-26,1.439942,,2019-02-26,1.214114,,2019-02-26,1.654109
2019-02-27,3.822180,,2019-02-27,1.281000,,2019-02-27,1.409529,,2019-02-27,1.202531,,2019-02-27,1.653039
2019-02-28,3.835945,,2019-02-28,1.277000,,2019-02-28,1.429804,,2019-02-28,1.242545,,2019-02-28,1.653498
2019-03-01,3.885967,,2019-03-01,1.285000,,2019-03-01,1.449941,,2019-03-01,1.249916,,2019-03-01,1.653498
2019-03-04,3.964861,,2019-03-04,1.331000,,2019-03-04,1.472160,,2019-03-04,1.270976,,2019-03-04,1.653804
2019-03-05,4.013877,,2019-03-05,1.361000,,2019-03-05,1.487019,,2019-03-05,1.276241,,2019-03-05,1.653651
2019-03-06,4.017905,,2019-03-06,1.380000,,2019-03-06,1.495351,,2019-03-06,1.267817,,2019-03-06,1.653498
2019-03-07,3.953111,,2019-03-07,1.373000,,2019-03-07,1.481325,,2019-03-07,1.243598,,2019-03-07,1.653956
2019-03-08,3.930282,,2019-03-08,1.375000,,2019-03-08,1.451329,,2019-03-08,1.235174,,2019-03-08,1.653956
2019-03-11,4.027641,,2019-03-11,1.405000,,2019-03-11,1.512293,,2019-03-11,1.296248,,2019-03-11,1.655638
2019-03-12,4.059199,,2019-03-12,1.447000,,2019-03-12,1.541456,,2019-03-12,1.298354,,2019-03-12,1.655791
2019-03-13,3.945725,,2019-03-13,1.380000,,2019-03-13,1.502017,,2019-03-13,1.304672,,2019-03-13,1.655485
2019-03-14,3.936661,,2019-03-14,1.351000,,2019-03-14,1.486741,,2019-03-14,1.297301,,2019-03-14,1.655332
2019-03-15,3.975269,,2019-03-15,1.388000,,2019-03-15,1.506461,,2019-03-15,1.335209,,2019-03-15,1.655332
2019-03-18,4.084042,,2019-03-18,1.442000,,2019-03-18,1.551593,,2019-03-18,1.394177,,2019-03-18,1.656555
2019-03-19,4.067928,,2019-03-19,1.449000,,2019-03-19,1.550621,,2019-03-19,1.368905,,2019-03-19,1.657167
2019-03-20,4.037041,,2019-03-20,1.417000,,2019-03-20,1.536040,,2019-03-20,1.359428,,2019-03-20,1.657625
2019-03-21,4.046442,,2019-03-21,1.420000,,2019-03-21,1.536179,,2019-03-21,1.354163,,2019-03-21,1.658084
2019-03-22,4.033013,,2019-03-22,1.421000,,2019-03-22,1.536040,,2019-03-22,1.360481,,2019-03-22,1.659001
2019-03-25,3.990376,,2019-03-25,1.413000,,2019-03-25,1.512571,,2019-03-25,1.341527,,2019-03-25,1.659612
2019-03-26,3.943375,,2019-03-26,1.407000,,2019-03-26,1.487991,,2019-03-26,1.326785,,2019-03-26,1.659307
2019-03-27,4.010184,,2019-03-27,1.421000,,2019-03-27,1.497156,,2019-03-27,1.367852,,2019-03-27,1.659765
2019-03-28,4.051142,,2019-03-28,1.435000,,2019-03-28,1.498128,,2019-03-28,1.361534,,2019-03-28,1.659918
2019-03-29,4.177708,,2019-03-29,1.489000,,2019-03-29,1.547566,,2019-03-29,1.409972,,2019-03-29,1.661447
2019-04-01,4.322740,,2019-04-01,1.566000,,2019-04-01,1.598809,,2019-04-01,1.431032,,2019-04-01,1.662975
2019-04-02,4.276746,,2019-04-02,1.560000,,2019-04-02,1.593671,,2019-04-02,1.402601,,2019-04-02,1.663281
2019-04-03,4.287153,,2019-04-03,1.582000,,2019-04-03,1.601309,,2019-04-03,1.399442,,2019-04-03,1.663434
2019-04-04,4.337847,,2019-04-04,1.607000,,2019-04-04,1.607419,,2019-04-04,1.393124,,2019-04-04,1.663587
2019-04-08,4.302597,,2019-04-08,1.583000,,2019-04-08,1.595476,,2019-04-08,1.369958,,2019-04-08,1.663892
2019-04-09,4.304275,,2019-04-09,1.578000,,2019-04-09,1.599226,,2019-04-09,1.393124,,2019-04-09,1.662975
2019-04-10,4.327104,,2019-04-10,1.573000,,2019-04-10,1.601725,,2019-04-10,1.409972,,2019-04-10,1.662211
2019-04-11,4.242838,,2019-04-11,1.548000,,2019-04-11,1.561175,,2019-04-11,1.362587,,2019-04-11,1.661901
2019-04-12,4.248545,,2019-04-12,1.577000,,2019-04-12,1.568119,,2019-04-12,1.360481,,2019-04-12,1.663140
2019-04-15,4.238810,,2019-04-15,1.563000,,2019-04-15,1.552982,,2019-04-15,1.346792,,2019-04-15,1.661746
2019-04-16,4.329118,,2019-04-16,1.563000,,2019-04-16,1.577979,,2019-04-16,1.363640,,2019-04-16,1.661437
2019-04-17,4.356312,,2019-04-17,1.597000,,2019-04-17,1.598254,,2019-04-17,1.365746,,2019-04-17,1.661127
2019-04-18,4.341876,,2019-04-18,1.582000,,2019-04-18,1.595337,,2019-04-18,1.361534,,2019-04-18,1.660972
2019-04-19,4.382834,,2019-04-19,1.582000,,2019-04-19,1.612141,,2019-04-19,1.366799,,2019-04-19,1.662366
2019-04-22,4.397941,,2019-04-22,1.602000,,2019-04-22,1.605336,,2019-04-22,1.363640,,2019-04-22,1.662056
2019-04-23,4.374105,,2019-04-23,1.598000,,2019-04-23,1.607975,,2019-04-23,1.363640,,2019-04-23,1.661592
2019-04-24,4.410699,,2019-04-24,1.628000,,2019-04-24,1.616862,,2019-04-24,1.372064,,2019-04-24,1.661592
2019-04-25,4.362691,,2019-04-25,1.622000,,2019-04-25,1.580617,,2019-04-25,1.374170,,2019-04-25,1.660508
2019-04-26,4.326768,,2019-04-26,1.596000,,2019-04-26,1.561870,,2019-04-26,1.375223,,2019-04-26,1.660353
2019-04-29,4.305954,,2019-04-29,1.582000,,2019-04-29,1.568119,,2019-04-29,1.400495,,2019-04-29,1.660972
2019-04-30,4.334154,,2019-04-30,1.605000,,2019-04-30,1.568119,,2019-04-30,1.394177,,2019-04-30,1.662056
2019-05-06,4.091092,,2019-05-06,1.518000,,2019-05-06,1.473965,,2019-05-06,1.325732,,2019-05-06,1.662521
2019-05-07,4.105193,,2019-05-07,1.520000,,2019-05-07,1.497712,,2019-05-07,1.371011,,2019-05-07,1.663914
2019-05-08,4.031334,,2019-05-08,1.476000,,2019-05-08,1.477992,,2019-05-08,1.346792,,2019-05-08,1.663914
2019-05-09,3.998098,,2019-05-09,1.491000,,2019-05-09,1.455218,,2019-05-09,1.310990,,2019-05-09,1.665463
2019-05-10,4.166965,,2019-05-10,1.565000,,2019-05-10,1.524930,,2019-05-10,1.358375,,2019-05-10,1.667321
2019-05-13,4.128022,,2019-05-13,1.550000,,2019-05-13,1.509377,,2019-05-13,1.368905,,2019-05-13,1.668405
2019-05-14,4.117279,,2019-05-14,1.548000,,2019-05-14,1.495768,,2019-05-14,1.361534,,2019-05-14,1.669334
2019-05-15,4.211616,,2019-05-15,1.578000,,2019-05-15,1.541872,,2019-05-15,1.400495,,2019-05-15,1.670883
2019-05-16,4.197852,,2019-05-16,1.570000,,2019-05-16,1.538123,,2019-05-16,1.414184,,2019-05-16,1.671038
2019-05-17,4.105528,,2019-05-17,1.543000,,2019-05-17,1.504655,,2019-05-17,1.382594,,2019-05-17,1.671193
2019-05-20,4.003805,,2019-05-20,1.494000,,2019-05-20,1.477576,,2019-05-20,1.356269,,2019-05-20,1.671502
2019-05-21,4.073635,,2019-05-21,1.543000,,2019-05-21,1.500628,,2019-05-21,1.374170,,2019-05-21,1.671812
2019-05-22,4.078671,,2019-05-22,1.531000,,2019-05-22,1.497156,,2019-05-22,1.373117,,2019-05-22,1.671502
2019-05-23,3.982319,,2019-05-23,1.487000,,2019-05-23,1.455079,,2019-05-23,1.340474,,2019-05-23,1.671502
2019-05-24,3.971240,,2019-05-24,1.469000,,2019-05-24,1.456329,,2019-05-24,1.340474,,2019-05-24,1.671967
2019-05-27,4.062556,,2019-05-27,1.516000,,2019-05-27,1.474937,,2019-05-27,1.356269,,2019-05-27,1.671657
2019-05-28,4.117614,,2019-05-28,1.563000,,2019-05-28,1.496879,,2019-05-28,1.378382,,2019-05-28,1.671657
2019-05-29,4.113586,,2019-05-29,1.553000,,2019-05-29,1.491185,,2019-05-29,1.372064,,2019-05-29,1.671967
2019-05-30,4.117614,,2019-05-30,1.566000,,2019-05-30,1.486325,,2019-05-30,1.379435,,2019-05-30,1.672122
2019-05-31,4.138429,,2019-05-31,1.577000,,2019-05-31,1.483269,,2019-05-31,1.394177,,2019-05-31,1.672586
2019-06-03,4.166965,,2019-06-03,1.571000,,2019-06-03,1.481464,,2019-06-03,1.384700,,2019-06-03,1.672741
2019-06-04,4.115264,,2019-06-04,1.547000,,2019-06-04,1.461328,,2019-06-04,1.357322,,2019-06-04,1.673670
2019-06-05,4.091092,,2019-06-05,1.525000,,2019-06-05,1.457440,,2019-06-05,1.330997,,2019-06-05,1.673825
2019-06-06,3.992055,,2019-06-06,1.477000,,2019-06-06,1.439942,,2019-06-06,1.321520,,2019-06-06,1.673980
2019-06-10,4.052820,,2019-06-10,1.488000,,2019-06-10,1.462717,,2019-06-10,1.342580,,2019-06-10,1.674444
2019-06-11,4.158908,,2019-06-11,1.555000,,2019-06-11,1.507155,,2019-06-11,1.385753,,2019-06-11,1.674599
2019-06-12,4.122650,,2019-06-12,1.526000,,2019-06-12,1.488408,,2019-06-12,1.384700,,2019-06-12,1.674444
2019-06-13,4.136415,,2019-06-13,1.538000,,2019-06-13,1.487574,,2019-06-13,1.401548,,2019-06-13,1.674135
2019-06-14,4.086057,,2019-06-14,1.512000,,2019-06-14,1.477576,,2019-06-14,1.398389,,2019-06-14,1.673361
2019-06-17,4.073635,,2019-06-17,1.506000,,2019-06-17,1.465216,,2019-06-17,1.385753,,2019-06-17,1.673670
2019-06-18,4.128022,,2019-06-18,1.541000,,2019-06-18,1.478548,,2019-06-18,1.400495,,2019-06-18,1.673515
2019-06-19,4.170323,,2019-06-19,1.553000,,2019-06-19,1.503267,,2019-06-19,1.413131,,2019-06-19,1.674290
2019-06-20,4.241495,,2019-06-20,1.558000,,2019-06-20,1.539095,,2019-06-20,1.447881,,2019-06-20,1.675528
2019-06-21,4.220345,,2019-06-21,1.541000,,2019-06-21,1.538123,,2019-06-21,1.447881,,2019-06-21,1.675683
2019-06-24,4.223702,,2019-06-24,1.553000,,2019-06-24,1.545622,,2019-06-24,1.455252,,2019-06-24,1.676458
2019-06-25,4.193487,,2019-06-25,1.530000,,2019-06-25,1.540067,,2019-06-25,1.453146,,2019-06-25,1.676303
2019-06-26,4.247874,,2019-06-26,1.545000,,2019-06-26,1.558537,,2019-06-26,1.502637,,2019-06-26,1.677077
2019-06-27,4.326768,,2019-06-27,1.554000,,2019-06-27,1.582978,,2019-06-27,1.518432,,2019-06-27,1.677387
2019-06-28,4.332476,,2019-06-28,1.561000,,2019-06-28,1.582700,,2019-06-28,1.508955,,2019-06-28,1.677696
2019-07-01,4.462064,,2019-07-01,1.604000,,2019-07-01,1.637276,,2019-07-01,1.542651,,2019-07-01,1.678935
2019-07-02,4.490936,,2019-07-02,1.637000,,2019-07-02,1.640192,,2019-07-02,1.562658,,2019-07-02,1.680019
2019-07-03,4.415734,,2019-07-03,1.609000,,2019-07-03,1.604503,,2019-07-03,1.526856,,2019-07-03,1.680794
2019-07-04,4.356312,,2019-07-04,1.576000,,2019-07-04,1.580339,,2019-07-04,1.494213,,2019-07-04,1.681568
2019-07-05,4.426813,,2019-07-05,1.609000,,2019-07-05,1.603808,,2019-07-05,1.523697,,2019-07-05,1.681413
2019-07-08,4.397605,,2019-07-08,1.595000,,2019-07-08,1.571174,,2019-07-08,1.488948,,2019-07-08,1.681413
2019-07-09,4.394920,,2019-07-09,1.600000,,2019-07-09,1.570896,,2019-07-09,1.495266,,2019-07-09,1.681568
2019-07-10,4.375448,,2019-07-10,1.596000,,2019-07-10,1.572424,,2019-07-10,1.497372,,2019-07-10,1.681878
2019-07-11,4.382162,,2019-07-11,1.586000,,2019-07-11,1.565480,,2019-07-11,1.496319,,2019-07-11,1.682034
2019-07-12,4.388877,,2019-07-12,1.589000,,2019-07-12,1.581173,,2019-07-12,1.498425,,2019-07-12,1.682661
2019-07-15,4.461057,,2019-07-15,1.620000,,2019-07-15,1.592560,,2019-07-15,1.483683,,2019-07-15,1.682974
2019-07-16,4.452664,,2019-07-16,1.606000,,2019-07-16,1.576868,,2019-07-16,1.461570,,2019-07-16,1.683131
2019-07-17,4.453335,,2019-07-17,1.614000,,2019-07-17,1.575618,,2019-07-17,1.453146,,2019-07-17,1.683131
2019-07-18,4.417413,,2019-07-18,1.604000,,2019-07-18,1.561870,,2019-07-18,1.432085,,2019-07-18,1.682661
2019-07-19,4.446621,,2019-07-19,1.609000,,2019-07-19,1.572979,,2019-07-19,1.438403,,2019-07-19,1.682974
2019-07-22,4.415399,,2019-07-22,1.589000,,2019-07-22,1.571035,,2019-07-22,1.438403,,2019-07-22,1.683914
2019-07-23,4.432520,,2019-07-23,1.603000,,2019-07-23,1.581589,,2019-07-23,1.438403,,2019-07-23,1.684384
2019-07-24,4.487243,,2019-07-24,1.613000,,2019-07-24,1.591032,,2019-07-24,1.448934,,2019-07-24,1.684697
2019-07-25,4.534580,,2019-07-25,1.631000,,2019-07-25,1.606308,,2019-07-25,1.446827,,2019-07-25,1.685011
2019-07-26,4.542637,,2019-07-26,1.633000,,2019-07-26,1.615057,,2019-07-26,1.477365,,2019-07-26,1.685637
2019-07-29,4.578559,,2019-07-29,1.647000,,2019-07-29,1.623250,,2019-07-29,1.463676,,2019-07-29,1.685794
2019-07-30,4.579902,,2019-07-30,1.646000,,2019-07-30,1.625194,,2019-07-30,1.464729,,2019-07-30,1.686107
2019-07-31,4.544651,,2019-07-31,1.632000,,2019-07-31,1.612418,,2019-07-31,1.456305,,2019-07-31,1.687047
2019-08-01,4.536258,,2019-08-01,1.634000,,2019-08-01,1.600892,,2019-08-01,1.449987,,2019-08-01,1.687987
2019-08-02,4.521822,,2019-08-02,1.632000,,2019-08-02,1.593949,,2019-08-02,1.462623,,2019-08-02,1.689554
2019-08-05,4.482207,,2019-08-05,1.614000,,2019-08-05,1.572146,,2019-08-05,1.435244,,2019-08-05,1.690964
2019-08-06,4.471464,,2019-08-06,1.601000,,2019-08-06,1.568536,,2019-08-06,1.438403,,2019-08-06,1.691277
2019-08-07,4.472471,,2019-08-07,1.594000,,2019-08-07,1.558259,,2019-08-07,1.464729,,2019-08-07,1.692060
2019-08-08,4.539615,,2019-08-08,1.600000,,2019-08-08,1.581728,,2019-08-08,1.495266,,2019-08-08,1.692217
2019-08-09,4.470121,,2019-08-09,1.563000,,2019-08-09,1.565480,,2019-08-09,1.493160,,2019-08-09,1.692687
2019-08-12,4.570837,,2019-08-12,1.578000,,2019-08-12,1.602281,,2019-08-12,1.508955,,2019-08-12,1.693470
2019-08-13,4.543980,,2019-08-13,1.566000,,2019-08-13,1.590338,,2019-08-13,1.510008,,2019-08-13,1.694410
2019-08-14,4.554387,,2019-08-14,1.586000,,2019-08-14,1.609224,,2019-08-14,1.543704,,2019-08-14,1.695037
2019-08-15,4.542973,,2019-08-15,1.574000,,2019-08-15,1.621167,,2019-08-15,1.543704,,2019-08-15,1.695350
2019-08-16,4.563787,,2019-08-16,1.586000,,2019-08-16,1.626305,,2019-08-16,1.555287,,2019-08-16,1.695663
2019-08-19,4.595345,,2019-08-19,1.595000,,2019-08-19,1.657135,,2019-08-19,1.566870,,2019-08-19,1.696133
2019-08-20,4.593666,,2019-08-20,1.593000,,2019-08-20,1.658523,,2019-08-20,1.570029,,2019-08-20,1.696447
2019-08-21,4.574530,,2019-08-21,1.585000,,2019-08-21,1.670883,,2019-08-21,1.553181,,2019-08-21,1.696760
2019-08-22,4.582923,,2019-08-22,1.602000,,2019-08-22,1.673521,,2019-08-22,1.567923,,2019-08-22,1.696760
2019-08-23,4.609445,,2019-08-23,1.594000,,2019-08-23,1.691019,,2019-08-23,1.618467,,2019-08-23,1.695820
2019-08-26,4.592659,,2019-08-26,1.594000,,2019-08-26,1.673382,,2019-08-26,1.616361,,2019-08-26,1.696290
2019-08-27,4.674239,,2019-08-27,1.637000,,2019-08-27,1.701712,,2019-08-27,1.622679,,2019-08-27,1.696133
2019-08-28,4.710497,,2019-08-28,1.669000,,2019-08-28,1.700740,,2019-08-28,1.616361,,2019-08-28,1.695977
2019-08-29,4.708483,,2019-08-29,1.664000,,2019-08-29,1.703934,,2019-08-29,1.612149,,2019-08-29,1.695977
2019-08-30,4.694718,,2019-08-30,1.650000,,2019-08-30,1.706572,,2019-08-30,1.622679,,2019-08-30,1.695820
2019-09-02,4.757834,,2019-09-02,1.661000,,2019-09-02,1.739207,,2019-09-02,1.652163,,2019-09-02,1.696133
2019-09-03,4.785363,,2019-09-03,1.662000,,2019-09-03,1.742540,,2019-09-03,1.643739,,2019-09-03,1.696133
2019-09-04,4.763205,,2019-09-04,1.655000,,2019-09-04,1.738512,,2019-09-04,1.641633,,2019-09-04,1.696447
2019-09-05,4.805842,,2019-09-05,1.662000,,2019-09-05,1.758510,,2019-09-05,1.630050,,2019-09-05,1.697700
2019-09-06,4.794092,,2019-09-06,1.634000,,2019-09-06,1.742956,,2019-09-06,1.640580,,2019-09-06,1.698170
2019-09-09,4.863250,,2019-09-09,1.634000,,2019-09-09,1.751983,,2019-09-09,1.645845,,2019-09-09,1.698797
2019-09-10,4.859221,,2019-09-10,1.637000,,2019-09-10,1.741151,,2019-09-10,1.660587,,2019-09-10,1.698640
2019-09-11,4.787713,,2019-09-11,1.608000,,2019-09-11,1.712405,,2019-09-11,1.624785,,2019-09-11,1.698640
2019-09-12,4.798456,,2019-09-12,1.616000,,2019-09-12,1.725875,,2019-09-12,1.631103,,2019-09-12,1.698013
2019-09-16,4.800806,,2019-09-16,1.619000,,2019-09-16,1.735874,,2019-09-16,1.631103,,2019-09-16,1.698327
2019-09-17,4.767234,,2019-09-17,1.602000,,2019-09-17,1.712682,,2019-09-17,1.624785,,2019-09-17,1.698327
2019-09-18,4.792077,,2019-09-18,1.612000,,2019-09-18,1.732541,,2019-09-18,1.659534,,2019-09-18,1.697857
2019-09-19,4.845793,,2019-09-19,1.630000,,2019-09-19,1.746567,,2019-09-19,1.679541,,2019-09-19,1.697857
2019-09-20,4.858886,,2019-09-20,1.629000,,2019-09-20,1.757954,,2019-09-20,1.693230,,2019-09-20,1.697857
2019-09-23,4.826657,,2019-09-23,1.608000,,2019-09-23,1.744900,,2019-09-23,1.676382,,2019-09-23,1.698170
2019-09-24,4.854857,,2019-09-24,1.603000,,2019-09-24,1.764064,,2019-09-24,1.718503,,2019-09-24,1.698013
2019-09-25,4.818935,,2019-09-25,1.599000,,2019-09-25,1.742817,,2019-09-25,1.722715,,2019-09-25,1.698170
2019-09-26,4.706133,,2019-09-26,1.549000,,2019-09-26,1.716571,,2019-09-26,1.709025,,2019-09-26,1.697857
2019-09-27,4.757834,,2019-09-27,1.561000,,2019-09-27,1.736568,,2019-09-27,1.713238,,2019-09-27,1.698327
2019-09-30,4.743062,,2019-09-30,1.579000,,2019-09-30,1.714488,,2019-09-30,1.723768,,2019-09-30,1.699110
2019-10-08,4.782341,,2019-10-08,1.608000,,2019-10-08,1.714210,,2019-10-08,1.739563,,2019-10-08,1.700833
2019-10-09,4.804163,,2019-10-09,1.610000,,2019-10-09,1.721987,,2019-10-09,1.732192,,2019-10-09,1.700676
2019-10-10,4.919315,,2019-10-10,1.651000,,2019-10-10,1.766703,,2019-10-10,1.805902,,2019-10-10,1.700676
2019-10-11,4.952552,,2019-10-11,1.657000,,2019-10-11,1.774063,,2019-10-11,1.813273,,2019-10-11,1.700990
2019-10-14,4.965645,,2019-10-14,1.671000,,2019-10-14,1.784617,,2019-10-14,1.812220,,2019-10-14,1.701460
2019-10-15,4.910587,,2019-10-15,1.670000,,2019-10-15,1.777812,,2019-10-15,1.813273,,2019-10-15,1.701460
2019-10-16,4.902529,,2019-10-16,1.661000,,2019-10-16,1.760037,,2019-10-16,1.849075,,2019-10-16,1.701616
2019-10-17,4.929723,,2019-10-17,1.677000,,2019-10-17,1.781701,,2019-10-17,1.852234,,2019-10-17,1.701933
2019-10-18,4.914951,,2019-10-18,1.682000,,2019-10-18,1.769064,,2019-10-18,1.849075,,2019-10-18,1.701933
2019-10-21,4.892458,,2019-10-21,1.692000,,2019-10-21,1.765175,,2019-10-21,1.804849,,2019-10-21,1.702409
2019-10-22,4.950202,,2019-10-22,1.716000,,2019-10-22,1.784478,,2019-10-22,1.829068,,2019-10-22,1.702567
2019-10-23,4.901858,,2019-10-23,1.700000,,2019-10-23,1.770591,,2019-10-23,1.795372,,2019-10-23,1.702409
2019-10-24,4.887422,,2019-10-24,1.688000,,2019-10-24,1.762953,,2019-10-24,1.794319,,2019-10-24,1.702567
2019-10-25,4.956916,,2019-10-25,1.731000,,2019-10-25,1.795032,,2019-10-25,1.814326,,2019-10-25,1.702567
2019-10-28,5.010296,,2019-10-28,1.759000,,2019-10-28,1.820307,,2019-10-28,1.843810,,2019-10-28,1.703042
2019-10-29,5.023053,,2019-10-29,1.757000,,2019-10-29,1.814474,,2019-10-29,1.863817,,2019-10-29,1.702725
2019-10-30,4.988474,,2019-10-30,1.763000,,2019-10-30,1.805586,,2019-10-30,1.851181,,2019-10-30,1.702250
2019-10-31,4.978738,,2019-10-31,1.748000,,2019-10-31,1.796004,,2019-10-31,1.875400,,2019-10-31,1.701616
2019-11-01,5.012310,,2019-11-01,1.760000,,2019-11-01,1.811697,,2019-11-01,1.909096,,2019-11-01,1.701616
2019-11-04,5.063004,,2019-11-04,1.769000,,2019-11-04,1.831416,,2019-11-04,1.936474,,2019-11-04,1.701933
2019-11-05,5.083819,,2019-11-05,1.778000,,2019-11-05,1.845164,,2019-11-05,1.925944,,2019-11-05,1.702250
2019-11-06,5.038496,,2019-11-06,1.760000,,2019-11-06,1.830305,,2019-11-06,1.915414,,2019-11-06,1.702250
2019-11-07,5.057632,,2019-11-07,1.782000,,2019-11-07,1.849747,,2019-11-07,1.929103,,2019-11-07,1.702409
2019-11-08,5.026410,,2019-11-08,1.777000,,2019-11-08,1.842665,,2019-11-08,1.917520,,2019-11-08,1.702725
2019-11-11,4.961616,,2019-11-11,1.760000,,2019-11-11,1.821556,,2019-11-11,1.876453,,2019-11-11,1.703201
2019-11-12,4.983102,,2019-11-12,1.762000,,2019-11-12,1.815307,,2019-11-12,1.895407,,2019-11-12,1.703518
2019-11-13,5.009960,,2019-11-13,1.752000,,2019-11-13,1.837110,,2019-11-13,1.951216,,2019-11-13,1.703835
2019-11-14,5.043196,,2019-11-14,1.767000,,2019-11-14,1.854746,,2019-11-14,1.978595,,2019-11-14,1.703993
2019-11-15,4.999217,,2019-11-15,1.753000,,2019-11-15,1.843220,,2019-11-15,1.958587,,2019-11-15,1.704310
2019-11-18,5.020032,,2019-11-18,1.789000,,2019-11-18,1.853080,,2019-11-18,1.961746,,2019-11-18,1.705102
2019-11-19,5.067033,,2019-11-19,1.823000,,2019-11-19,1.898490,,2019-11-19,2.011238,,2019-11-19,1.705577
2019-11-20,5.032453,,2019-11-20,1.811000,,2019-11-20,1.892658,,2019-11-20,2.012291,,2019-11-20,1.706211
2019-11-21,5.003917,,2019-11-21,1.798000,,2019-11-21,1.880854,,2019-11-21,1.977542,,2019-11-21,1.706686
2019-11-22,4.930730,,2019-11-22,1.775000,,2019-11-22,1.848497,,2019-11-22,1.882771,,2019-11-22,1.706845
2019-11-25,4.908237,,2019-11-25,1.749000,,2019-11-25,1.824750,,2019-11-25,1.853287,,2019-11-25,1.707320
2019-11-26,4.913608,,2019-11-26,1.755000,,2019-11-26,1.841693,,2019-11-26,1.868029,,2019-11-26,1.707479
2019-11-27,4.893465,,2019-11-27,1.745000,,2019-11-27,1.837804,,2019-11-27,1.855393,,2019-11-27,1.707637
2019-11-28,4.888765,,2019-11-28,1.744000,,2019-11-28,1.837665,,2019-11-28,1.866976,,2019-11-28,1.708271
2019-11-29,4.834042,,2019-11-29,1.730000,,2019-11-29,1.821418,,2019-11-29,1.817485,,2019-11-29,1.708271
2019-12-02,4.834042,,2019-12-02,1.738000,,2019-12-02,1.824334,,2019-12-02,1.797478,,2019-12-02,1.708905
2019-12-03,4.851164,,2019-12-03,1.747000,,2019-12-03,1.830028,,2019-12-03,1.792213,,2019-12-03,1.708746
2019-12-04,4.843107,,2019-12-04,1.759000,,2019-12-04,1.839887,,2019-12-04,1.809061,,2019-12-04,1.708746
2019-12-05,4.877350,,2019-12-05,1.777000,,2019-12-05,1.872383,,2019-12-05,1.832227,,2019-12-05,1.708905
2019-12-06,4.904208,,2019-12-06,1.797000,,2019-12-06,1.905017,,2019-12-06,1.848022,,2019-12-06,1.709063
2019-12-09,4.883729,,2019-12-09,1.777000,,2019-12-09,1.890436,,2019-12-09,1.804849,,2019-12-09,1.710014
2019-12-10,4.893801,,2019-12-10,1.769000,,2019-12-10,1.905434,,2019-12-10,1.823803,,2019-12-10,1.710330
2019-12-11,4.892793,,2019-12-11,1.756000,,2019-12-11,1.886964,,2019-12-11,1.821697,,2019-12-11,1.710489
2019-12-12,4.885072,,2019-12-12,1.752000,,2019-12-12,1.881965,,2019-12-12,1.818538,,2019-12-12,1.710330
2019-12-13,4.948859,,2019-12-13,1.779000,,2019-12-13,1.909322,,2019-12-13,1.858552,,2019-12-13,1.710489
2019-12-16,4.963631,,2019-12-16,1.789000,,2019-12-16,1.941401,,2019-12-16,1.858552,,2019-12-16,1.710806
2019-12-17,4.998546,,2019-12-17,1.802000,,2019-12-17,1.950983,,2019-12-17,1.865923,,2019-12-17,1.710806
2019-12-18,4.976724,,2019-12-18,1.801000,,2019-12-18,1.952372,,2019-12-18,1.831174,,2019-12-18,1.711123
2019-12-19,4.967659,,2019-12-19,1.795000,,2019-12-19,1.947789,,2019-12-19,1.820644,,2019-12-19,1.711440
2019-12-20,4.932744,,2019-12-20,1.795000,,2019-12-20,1.933208,,2019-12-20,1.802743,,2019-12-20,1.711756
2019-12-23,4.880708,,2019-12-23,1.774000,,2019-12-23,1.905434,,2019-12-23,1.796425,,2019-12-23,1.712390
2019-12-24,4.918980,,2019-12-24,1.784000,,2019-12-24,1.932514,,2019-12-24,1.801690,,2019-12-24,1.712390
2019-12-25,4.925694,,2019-12-25,1.786000,,2019-12-25,1.943901,,2019-12-25,1.799584,,2019-12-25,1.713341
2019-12-26,4.953895,,2019-12-26,1.791000,,2019-12-26,1.947095,,2019-12-26,1.805902,,2019-12-26,1.713816
2019-12-27,4.979074,,2019-12-27,1.803000,,2019-12-27,1.939457,,2019-12-27,1.795372,,2019-12-27,1.713816
2019-12-30,5.025403,,2019-12-30,1.815000,,2019-12-30,1.963759,,2019-12-30,1.796425,,2019-12-30,1.714608
2019-12-31,5.068711,,2019-12-31,1.824000,,2019-12-31,1.971953,,2019-12-31,1.824856,,2019-12-31,1.714450
2020-01-02,5.132834,,2020-01-02,1.876000,,2020-01-02,2.022918,,2020-01-02,1.819591,,2020-01-02,1.715084
2020-01-03,5.134177,,2020-01-03,1.864000,,2020-01-03,2.020835,,2020-01-03,1.805902,,2020-01-03,1.715876
2020-01-06,5.154656,,2020-01-06,1.858000,,2020-01-06,2.022918,,2020-01-06,1.790107,,2020-01-06,1.716826
2020-01-07,5.184199,,2020-01-07,1.897000,,2020-01-07,2.054164,,2020-01-07,1.824856,,2020-01-07,1.716985
2020-01-08,5.143913,,2020-01-08,1.870000,,2020-01-08,2.031528,,2020-01-08,1.819591,,2020-01-08,1.717143
2020-01-09,5.191921,,2020-01-09,1.889000,,2020-01-09,2.071522,,2020-01-09,1.884877,,2020-01-09,1.717619
2020-01-10,5.208707,,2020-01-10,1.876000,,2020-01-10,2.075688,,2020-01-10,1.894354,,2020-01-10,1.719045
2020-01-13,5.281222,,2020-01-13,1.886000,,2020-01-13,2.108878,,2020-01-13,1.911202,,2020-01-13,1.720470
2020-01-14,5.238922,,2020-01-14,1.889000,,2020-01-14,2.107906,,2020-01-14,1.890142,,2020-01-14,1.720946
2020-01-15,5.234557,,2020-01-15,1.877000,,2020-01-15,2.107906,,2020-01-15,1.920679,,2020-01-15,1.720946
2020-01-16,5.251679,,2020-01-16,1.887000,,2020-01-16,2.109156,,2020-01-16,1.952269,,2020-01-16,1.721106
2020-01-17,5.257050,,2020-01-17,1.881000,,2020-01-17,2.116933,,2020-01-17,1.977542,,2020-01-17,1.721586
2020-01-20,5.300023,,2020-01-20,1.882000,,2020-01-20,2.145540,,2020-01-20,2.018609,,2020-01-20,1.722708
2020-01-21,5.218107,,2020-01-21,1.850000,,2020-01-21,2.139846,,2020-01-21,2.020715,,2020-01-21,1.722868
2020-01-22,5.271822,,2020-01-22,1.857000,,2020-01-22,2.175258,,2020-01-22,2.021768,,2020-01-22,1.723348
2020-01-23,5.111012,,2020-01-23,1.795000,,2020-01-23,2.135958,,2020-01-23,1.964905,,2020-01-23,1.723508
2020-02-03,4.783684,,2020-02-03,1.662000,,2020-02-03,1.994866,,2020-02-03,1.870135,,2020-02-03,1.729595
2020-02-04,4.947852,,2020-02-04,1.743000,,2020-02-04,2.106934,,2020-02-04,1.945951,,2020-02-04,1.729595
2020-02-05,4.987802,,2020-02-05,1.770000,,2020-02-05,2.135125,,2020-02-05,1.971223,,2020-02-05,1.730075
2020-02-06,5.068375,,2020-02-06,1.839000,,2020-02-06,2.207059,,2020-02-06,2.038616,,2020-02-06,1.731036
2020-02-07,5.089190,,2020-02-07,1.856000,,2020-02-07,2.230112,,2020-02-07,2.016503,,2020-02-07,1.731997
2020-02-10,5.140891,,2020-02-10,1.927000,,2020-02-10,2.230667,,2020-02-10,2.025980,,2020-02-10,1.733438
2020-02-11,5.170435,,2020-02-11,1.916000,,2020-02-11,2.225251,,2020-02-11,2.040722,,2020-02-11,1.733919
2020-02-12,5.207028,,2020-02-12,1.941000,,2020-02-12,2.264413,,2020-02-12,2.077577,,2020-02-12,1.734560
2020-02-13,5.159020,,2020-02-13,1.921000,,2020-02-13,2.240249,,2020-02-13,2.059676,,2020-02-13,1.735360
2020-02-14,5.185878,,2020-02-14,1.940000,,2020-02-14,2.234833,,2020-02-14,2.072312,,2020-02-14,1.735681
2020-02-17,5.333595,,2020-02-17,1.970000,,2020-02-17,2.287465,,2020-02-17,2.126015,,2020-02-17,1.736321
2020-02-18,5.349709,,2020-02-18,1.970000,,2020-02-18,2.298436,,2020-02-18,2.116538,,2020-02-18,1.736962
2020-02-19,5.355081,,2020-02-19,1.960000,,2020-02-19,2.272745,,2020-02-19,2.083895,,2020-02-19,1.737603
2020-02-20,5.433975,,2020-02-20,1.986000,,2020-02-20,2.312184,,2020-02-20,2.110220,,2020-02-20,1.738083
2020-02-21,5.475269,,2020-02-21,1.989000,,2020-02-21,2.341208,,2020-02-21,2.127068,,2020-02-21,1.738884
2020-02-24,5.567928,,2020-02-24,2.008000,,2020-02-24,2.348707,,2020-02-24,2.138651,,2020-02-24,1.740486
2020-02-25,5.632050,,2020-02-25,2.020000,,2020-02-25,2.365371,,2020-02-25,2.158658,,2020-02-25,1.741126
2020-02-26,5.444383,,2020-02-26,1.998000,,2020-02-26,2.262885,,2020-02-26,2.098637,,2020-02-26,1.741607
2020-02-27,5.487019,,2020-02-27,2.050000,,2020-02-27,2.273717,,2020-02-27,2.132333,,2020-02-27,1.742728
2020-02-28,5.302708,,2020-02-28,1.979000,,2020-02-28,2.198727,,2020-02-28,2.077577,,2020-02-28,1.743208
2020-03-02,5.485676,,2020-03-02,2.028000,,2020-03-02,2.246498,,2020-03-02,2.118644,,2020-03-02,1.743529
2020-03-03,5.502127,,2020-03-03,2.043000,,2020-03-03,2.268440,,2020-03-03,2.172347,,2020-03-03,1.743849
2020-03-04,5.505484,,2020-03-04,2.078000,,2020-03-04,2.257608,,2020-03-04,2.182877,,2020-03-04,1.745290
2020-03-05,5.585721,,2020-03-05,2.144000,,2020-03-05,2.292187,,2020-03-05,2.234474,,2020-03-05,1.745931
2020-03-06,5.547113,,2020-03-06,2.138000,,2020-03-06,2.274272,,2020-03-06,2.240793,,2020-03-06,1.747853
2020-03-09,5.420546,,2020-03-09,2.096000,,2020-03-09,2.177619,,2020-03-09,2.198672,,2020-03-09,1.751056
2020-03-10,5.528649,,2020-03-10,2.110000,,2020-03-10,2.229417,,2020-03-10,2.193407,,2020-03-10,1.749455
2020-03-11,5.472583,,2020-03-11,2.098000,,2020-03-11,2.197755,,2020-03-11,2.159711,,2020-03-11,1.749615
2020-03-12,5.380931,,2020-03-12,2.046000,,2020-03-12,2.151095,,2020-03-12,2.088107,,2020-03-12,1.749134
2020-03-13,5.328223,,2020-03-13,2.048000,,2020-03-13,2.135402,,2020-03-13,2.050199,,2020-03-13,1.747853
2020-03-16,5.075090,,2020-03-16,1.956000,,2020-03-16,2.030139,,2020-03-16,1.955428,,2020-03-16,1.747212
2020-03-17,5.005596,,2020-03-17,1.946000,,2020-03-17,2.034861,,2020-03-17,1.953322,,2020-03-17,1.745451
2020-03-18,4.927708,,2020-03-18,1.949000,,2020-03-18,2.019585,,2020-03-18,1.938580,,2020-03-18,1.745290
2020-03-19,4.944830,,2020-03-19,1.950000,,2020-03-19,2.016113,,2020-03-19,1.900672,,2020-03-19,1.744970
2020-03-20,4.988138,,2020-03-20,1.990000,,2020-03-20,2.046665,,2020-03-20,1.963852,,2020-03-20,1.745931
2020-03-23,4.826992,,2020-03-23,1.917000,,2020-03-23,1.972925,,2020-03-23,1.918573,,2020-03-23,1.747373
2020-03-24,4.921665,,2020-03-24,1.969000,,2020-03-24,2.011253,,2020-03-24,1.974383,,2020-03-24,1.748013
2020-03-25,5.049911,,2020-03-25,2.024000,,2020-03-25,2.073050,,2020-03-25,2.051252,,2020-03-25,1.748494
2020-03-26,5.024732,,2020-03-26,2.046000,,2020-03-26,2.074300,,2020-03-26,2.087054,,2020-03-26,1.749455
2020-03-27,5.031782,,2020-03-27,2.040000,,2020-03-27,2.068051,,2020-03-27,2.098637,,2020-03-27,1.749775
2020-03-30,4.963966,,2020-03-30,2.019000,,2020-03-30,2.043471,,2020-03-30,2.059676,,2020-03-30,1.749775
2020-03-31,5.014996,,2020-03-31,2.073000,,2020-03-31,2.069717,,2020-03-31,2.108114,,2020-03-31,1.750576
2020-04-01,5.001903,,2020-04-01,2.068000,,2020-04-01,2.061801,,2020-04-01,2.078630,,2020-04-01,1.751377
2020-04-02,5.077440,,2020-04-02,2.078000,,2020-04-02,2.104157,,2020-04-02,2.103902,,2020-04-02,1.751697
2020-04-03,5.025067,,2020-04-03,2.076000,,2020-04-03,2.092214,,2020-04-03,2.119697,,2020-04-03,1.752017
2020-04-07,5.149620,,2020-04-07,2.129000,,2020-04-07,2.149151,,2020-04-07,2.181824,,2020-04-07,1.757142
2020-04-08,5.156334,,2020-04-08,2.107000,,2020-04-08,2.134153,,2020-04-08,2.169188,,2020-04-08,1.758744
2020-04-09,5.190578,,2020-04-09,2.136000,,2020-04-09,2.154150,,2020-04-09,2.266065,,2020-04-09,1.758424
2020-04-10,5.139212,,2020-04-10,2.108000,,2020-04-10,2.119016,,2020-04-10,2.233421,,2020-04-10,1.758904
2020-04-13,5.098255,,2020-04-13,2.098000,,2020-04-13,2.101796,,2020-04-13,2.249217,,2020-04-13,1.758264
2020-04-14,5.201657,,2020-04-14,2.144000,,2020-04-14,2.156927,,2020-04-14,2.287125,,2020-04-14,1.758426
2020-04-15,5.172449,,2020-04-15,2.132000,,2020-04-15,2.149428,,2020-04-15,2.258694,,2020-04-15,1.759398
2020-04-16,5.188228,,2020-04-16,2.157000,,2020-04-16,2.167343,,2020-04-16,2.277648,,2020-04-16,1.760695
2020-04-17,5.224486,,2020-04-17,2.174000,,2020-04-17,2.188173,,2020-04-17,2.267118,,2020-04-17,1.760695
2020-04-20,5.286930,,2020-04-20,2.197000,,2020-04-20,2.209420,,2020-04-20,2.300814,,2020-04-20,1.760695
2020-04-21,5.249665,,2020-04-21,2.184000,,2020-04-21,2.190395,,2020-04-21,2.286072,,2020-04-21,1.761181
2020-04-22,5.277529,,2020-04-22,2.240000,,2020-04-22,2.218447,,2020-04-22,2.332404,,2020-04-22,1.761991
2020-04-23,5.277865,,2020-04-23,2.231000,,2020-04-23,2.215253,,2020-04-23,2.335563,,2020-04-23,1.763126
2020-04-24,5.220457,,2020-04-24,2.217000,,2020-04-24,2.197477,,2020-04-24,2.291337,,2020-04-24,1.764098
2020-04-27,5.223814,,2020-04-27,2.227000,,2020-04-27,2.200671,,2020-04-27,2.337669,,2020-04-27,1.764260
2020-04-28,5.268801,,2020-04-28,2.259000,,2020-04-28,2.234694,,2020-04-28,2.368206,,2020-04-28,1.764747
2020-04-29,5.268801,,2020-04-29,2.259000,,2020-04-29,2.234694,,2020-04-29,2.368206,,2020-04-29,1.764747
